FrogID,MeasurementID,Block,DayNum,Day,AvgMass(g),AccTemp,AccInc,PerfTemp,PerfInc,BreathCount,Length(s),Length(min),Length(hr),BreathsPerHr,BotHeight(cm),TotWatVol(L),InitialWatDO(mg/L),InitialWatDO(mg),InitialWatTemp,InWatVol(L),InWatDO(mg/L),InWatDO(mg),InWatTemp,OutWatVol(L),OutWatDO(mg/L),OutWatDO(mg),OutWatTemp,TotCutO2Cons(mg),CutO2PerfRate(mg/hr),CutMircomolO2/gFrog/hr,PulmO2Cons(mg),PulmO2PerfRate(mg/hr),PulmMicromolO2/gFrog/hr,TotO2Consumed(mg),TotO2PerfRate(mg/hr),TotMicromolO2/gFrog/hr,PropCut,PropPulm
Laevis03,B1NegOneDayLaevis03,1,-1,NegOneDay,36.73,17,8,17,2,,5465.082,91.0847,1.518078333,,12,0.824,10.71,8.82504,17,0.445,5.95,2.64775,18,0.379,6,2.274,18,3.90329,2.571204604,2.187588997,,,,,,,,
Laevis04,B1NegOneDayLaevis04,1,-1,NegOneDay,59.95,8,9,8,10,21,5328.968,88.81613333,1.480268889,14.18661174,12,0.824,10.69,8.80856,10.1,0.445,9.24,4.1118,9.9,0.379,9.78,3.70662,9.4,0.99014,0.668891988,0.348671804,1.341740159,0.906416509,0.47248567,2.331880159,1.575308497,0.821157473,0.424610157,0.575389843
Laevis06,B1NegOneDayLaevis06,1,-1,NegOneDay,38.515,8,11,8,11,,5413.781,90.22968333,1.503828056,,12,0.824,11.54,9.50896,10.4,0.445,10.48,4.6636,10,0.379,10.86,4.11594,9.9,0.72942,0.485042154,0.393549716,,,,,,,,
Laevis07,B1NegOneDayLaevis07,1,-1,NegOneDay,13.125,26,12,26,8,,,,,,10,0.659,9.13,6.01667,25,0.338,6.35,2.1463,25.3,0.321,6.42,2.06082,25.3,1.80955,,,,,,,,,,
Laevis08,B1NegOneDayLaevis08,1,-1,NegOneDay,39.09,26,7,26,9,34,5338.427,88.97378333,1.482896389,22.92810223,12,0.824,8.43,6.94632,25.7,0.445,5.62,2.5009,25.3,0.379,5.66,2.14514,25.4,2.30028,1.5512075,1.240092974,2.907976512,1.961011257,1.567705341,5.208256512,3.512218757,2.807798316,0.441660274,0.558339726
Laevis09,B1NegOneDayLaevis09,1,-1,NegOneDay,33.865,8,9,8,4,8,5318.172,88.6362,1.47727,5.415394613,10,0.659,11.56,7.61804,8.1,0.338,10.15,3.4307,8.7,0.321,11.02,3.53742,8.4,0.64992,0.439946658,0.405974696,0.136934129,0.092694043,0.08553636,0.786854129,0.532640701,0.491511056,0.825972663,0.174027337
Laevis12,B1NegOneDayLaevis12,1,-1,NegOneDay,22.575,17,8,17,1,132,5400.515,90.00858333,1.500143056,87.99160821,12,0.824,10.63,8.75912,16.8,0.445,7.65,3.40425,17,0.379,7.69,2.91451,17,2.44036,1.626751523,2.251870879,0.124299334,0.08285832,0.114698672,2.564659334,1.709609843,2.36656955,0.951533784,0.048466216
Laevis13,B1NegOneDayLaevis13,1,-1,NegOneDay,25.425,26,7,26,7,38,5325.787,88.76311667,1.479385278,25.68634457,9,0.559,9.24,5.16516,24.9,0.278,6.4,1.7792,24.7,0.281,6.4,1.7984,24.8,1.58756,1.0731214,1.318979105,2.682574598,1.813303565,2.228740862,4.270134598,2.886424965,3.547719966,0.371782192,0.628217808
Laevis16,B1NegOneDayLaevis16,1,-1,NegOneDay,19.965,26,12,26,12,,,,,,12,0.824,8.92,7.35008,25,0.445,5.9,2.6255,25.7,0.379,5.93,2.24747,25.7,2.47711,,,,,,,,,,
Laevis19,B1NegOneDayLaevis19,1,-1,NegOneDay,14.88,17,10,17,5,8,5402.764,90.04606667,1.500767778,5.330604853,10,0.659,10.6,6.9854,17,0.338,8.02,2.71076,17.2,0.321,7.98,2.56158,17.3,1.71306,1.141455744,2.397210483,0.220271631,0.146772628,0.308242246,1.933331631,1.288228372,2.70545273,0.886066298,0.113933702
Laevis24,B1NegOneDayLaevis24,1,-1,NegOneDay,28.085,8,11,8,6,,5411.153,90.18588333,1.503098056,,9,0.559,12.74,7.12166,7.5,0.278,10.45,2.9051,8.2,0.281,10.97,3.08257,7.9,1.13399,0.754435145,0.839455164,,,,,,,,
Laevis01,B2NegOneDayLaevis01,2,-1,NegOneDay,40.07,17,6,17,4,2,5404.351,90.07251667,1.501208611,1.332259877,12,0.824,10.3,8.4872,16.6,0.445,7.26,3.2307,17.3,0.379,7.4,2.8046,17.1,2.4519,1.633283997,1.273774018,0.001591534,0.001060169,0.00082681,2.453491534,1.634344165,1.274600828,0.999351319,0.000648681
Laevis02,B2NegOneDayLaevis02,2,-1,NegOneDay,54.43,17,2,17,11,49,5338.059,88.96765,1.482794167,33.04571943,11,0.75,10.75,8.0625,16.6,0.393,7.25,2.84925,17,0.357,7.15,2.55255,17.1,2.6607,1.794382565,1.030212294,2.279958574,1.537609619,0.882790752,4.940658574,3.331992184,1.913003045,0.538531445,0.461468555
Laevis05,B2NegOneDayLaevis05,2,-1,NegOneDay,29.635,26,5,26,8,48,5309.188,88.48646667,1.474774444,32.54734999,11,0.75,8.88,6.66,25.3,0.393,5.9,2.3187,25.3,0.357,5.9,2.1063,25.3,2.235,1.515485984,1.598074473,1.208968026,0.819764697,0.864438899,3.443968026,2.335250681,2.462513372,0.648960729,0.351039271
Laevis10,B2NegOneDayLaevis10,2,-1,NegOneDay,50.925,8,1,8,1,28,5311.451,88.52418333,1.475403056,18.97786499,10,0.659,11.47,7.55873,7.3,0.338,10.54,3.56252,8.6,0.321,10.67,3.42507,8.7,0.57114,0.387107779,0.237547729,0.601926674,0.407974398,0.250352478,1.173066674,0.795082177,0.487900207,0.486877697,0.513122303
Laevis11,B2NegOneDayLaevis11,2,-1,NegOneDay,33.05,8,1,8,12,3,5403.013,90.05021667,1.500836944,1.998884696,12,0.824,11.95,9.8468,7.3,0.445,9.72,4.3254,7.3,0.379,10.29,3.89991,7.5,1.62149,1.080390515,1.021549277,0.09231834,0.061511239,0.058161156,1.71380834,1.141901754,1.079710433,0.946132635,0.053867365
Laevis14,B2NegOneDayLaevis14,2,-1,NegOneDay,37.54,26,3,26,3,76,5350.507,89.17511667,1.486251944,51.13534101,12,0.824,9,7.416,26.2,0.445,5.87,2.61215,25.8,0.379,5.89,2.23231,25.8,2.57154,1.73021809,1.440312075,2.447073576,1.646472918,1.370598793,5.018613576,3.376691008,2.810910868,0.512400479,0.487599521
Laevis17,B2NegOneDayLaevis17,2,-1,NegOneDay,26.395,8,4,8,10,,5407.879,90.13131667,1.502188611,,9,0.559,11.79,6.59061,7.6,0.278,9.48,2.63544,8.5,0.281,9.91,2.78471,8.3,1.17046,0.7791698,0.922487451,,,,,,,,
Laevis18,B2NegOneDayLaevis18,2,-1,NegOneDay,31.7,26,5,26,5,146,5335.086,88.9181,1.481968333,98.51762465,11,0.75,8.78,6.585,25.5,0.393,5.68,2.23224,25,0.357,5.68,2.02776,25,2.325,1.568859434,1.546588558,4.32797724,2.920424912,2.878967776,6.65297724,4.489284346,4.425556335,0.349467602,0.650532398
Laevis20,B2NegOneDayLaevis20,2,-1,NegOneDay,15.64,26,3,26,9,,5406.542,90.10903333,1.501817222,,12,0.824,8.73,7.19352,25.7,0.445,6.36,2.8302,25.5,0.379,6.46,2.44834,25.4,1.91498,1.275108563,2.547771265,,,,,,,,
Laevis21,B2NegOneDayLaevis21,2,-1,NegOneDay,26.21,8,4,8,7,13,5314.61,88.57683333,1.476280556,8.805914263,12,0.824,11.88,9.78912,7.7,0.445,9.85,4.38325,7.3,0.379,10.19,3.86201,7.4,1.54386,1.04577683,1.246872413,0.795195963,0.538648267,0.642226568,2.339055963,1.584425097,1.889098981,0.660035512,0.339964488
Laevis22,B2NegOneDayLaevis22,2,-1,NegOneDay,17.99,17,2,17,6,50,5315.814,88.5969,1.476615,33.86122991,11,0.75,9.95,7.4625,16.3,0.393,7.36,2.89248,15.8,0.357,7.39,2.63823,15.7,1.93179,1.308255706,2.27253979,2.213979476,1.499361361,2.604504866,4.145769476,2.807617068,4.877044656,0.465966574,0.534033426
Laevis23,B2NegOneDayLaevis23,2,-1,NegOneDay,33.055,17,6,17,2,56,5378.889,89.64815,1.494135833,37.47985876,10,0.659,11.1,7.3149,16.8,0.338,9.04,3.05552,16.8,0.321,9.12,2.92752,16.8,1.33186,0.891391512,0.842716223,2.377344993,1.591117046,1.504232572,3.709204993,2.482508558,2.346948795,0.359068858,0.640931142
Laevis02,B3NegOneDayLaevis02,3,-1,NegOneDay,32.11,26,7,26,7,229,5403.1,90.05166667,1.500861111,152.579075,11,0.75,7.82,5.865,24.5,0.393,3.08,1.21044,24.7,0.357,3.16,1.12812,24.6,3.52644,2.349611149,2.28668167,9.558325214,6.368560784,6.197992043,13.08476521,8.718171933,8.484673712,0.26950732,0.73049268
Laevis03,B3NegOneDayLaevis03,3,-1,NegOneDay,44.56,8,11,8,6,60,5410.071,90.16785,1.5027975,39.92553887,12,0.824,10.64,8.76736,8.1,0.445,8.83,3.92935,8.6,0.379,8.78,3.32762,8.7,1.51039,1.005052244,0.704844763,0.803962217,0.534977079,0.37518029,2.314352217,1.540029323,1.080025053,0.652618901,0.347381099
Laevis04,B3NegOneDayLaevis04,3,-1,NegOneDay,31.81,26,7,26,9,82,5396.667,89.94445,1.499074167,54.70042899,12,0.824,8.18,6.74032,25.6,0.445,3.83,1.70435,25.4,0.379,3.99,1.51221,25.3,3.52376,2.350624191,2.309242564,5.805707516,3.872862094,3.804682189,9.329467516,6.223486285,6.113924753,0.377702157,0.622297843
Laevis11,B3NegOneDayLaevis11,3,-1,NegOneDay,50.59,17,8,17,2,168,5399.793,89.99655,1.4999425,112.0042935,12,0.824,10.11,8.33064,17.2,0.445,8.02,3.5689,17.4,0.379,8.14,3.08506,17.4,1.67668,1.117829517,0.6904956,0.591430146,0.394301879,0.243564612,2.268110146,1.512131396,0.934060212,0.739240995,0.260759005
Laevis19,B3NegOneDayLaevis19,3,-1,NegOneDay,34.465,8,11,8,11,0,5406.36,90.106,1.501766667,0,10,0.659,13.31,8.77129,6.4,0.338,11.06,3.73828,7.6,0.321,11.51,3.69471,25.3,1.3383,0.891150423,0.808021202,,,,,,,,
Laevis21,B3NegOneDayLaevis21,3,-1,NegOneDay,34.4,26,12,26,12,59,5398.329,89.97215,1.499535833,39.34550858,12,0.824,9.62,7.92688,24.7,0.445,4.91,2.18495,25.6,0.379,4.87,1.84573,25.5,3.8962,2.598270687,2.360347645,1.305469112,0.870582138,0.790863134,5.201669112,3.468852825,3.151210779,0.749028805,0.250971195
Laevis22,B3NegOneDayLaevis22,3,-1,NegOneDay,44.59,8,9,8,4,139,5402.053,90.03421667,1.500570278,92.63144956,11,0.75,12.76,9.57,8,0.393,10.29,4.04397,8.7,0.357,10.62,3.79134,8.7,1.73469,1.156020498,0.810173594,0.372812456,0.248447181,0.174119184,2.107502456,1.404467679,0.984292778,0.823102244,0.176897756
Laevis23,B3NegOneDayLaevis23,3,-1,NegOneDay,29.075,17,8,17,1,111,5404.361,90.07268333,1.501211389,73.94028637,10,0.659,9.91,6.53069,17.5,0.338,7.83,2.64654,17.2,0.321,7.89,2.53269,17.2,1.35146,0.900246301,0.967590607,1.002036671,0.667485391,0.71741766,2.353496671,1.567731692,1.685008268,0.574234932,0.425765068
Laevis01,B4NegOneDayLaevis01,4,-1,NegOneDay,22.295,17,2,17,11,128,5405.34,90.089,1.501483333,85.24903151,12,0.824,12.96,10.67904,8.6,0.445,10.53,4.68585,8.7,0.379,10.92,4.13868,8.6,1.85451,1.235118605,1.731215806,0.515621405,0.343408011,0.481341124,2.370131405,1.578526616,2.21255693,0.782450288,0.217549712
Laevis06,B4NegOneDayLaevis06,4,-1,NegOneDay,24.08,8,4,8,7,,5407.553,90.12588333,1.502098056,,12,0.824,12.72,10.48128,8.2,0.445,10.92,4.8594,8.6,0.379,11.41,4.32439,8.8,1.29749,0.863785154,1.12098364,,,,,,,,
Laevis08,B4NegOneDayLaevis08,4,-1,NegOneDay,36.625,26,3,26,9,50,5404.008,90.0668,1.501113333,33.30861094,12,0.824,8.75,7.21,26.3,0.445,5.53,2.46085,26.3,0.379,5.58,2.11482,26.3,2.63433,1.754917461,1.497369847,2.675007175,1.782015465,1.520491011,5.309337175,3.536932926,3.017860859,0.496169279,0.503830721
Laevis10,B4NegOneDayLaevis10,4,-1,NegOneDay,17.11,26,5,26,5,142,5401.69,90.02816667,1.500469444,94.63704878,10,0.659,8.38,5.52242,26.1,0.338,4.49,1.51762,26.2,0.321,4.54,1.45734,26.1,2.54746,1.697775326,3.100846226,4.251456948,2.833417877,5.175003429,6.798916948,4.531193203,8.275849655,0.374686148,0.625313852
Laevis12,B4NegOneDayLaevis12,4,-1,NegOneDay,26.585,17,6,8,2,49,5389.883,89.83138333,1.497189722,32.72798315,12,0.824,12.6,10.3824,8.1,0.445,11.03,4.90835,9.1,0.379,11.43,4.33197,8.8,1.14208,0.762815816,0.896670839,3.747071843,2.502736819,2.941904291,4.889151843,3.265552635,3.83857513,0.233594709,0.766405291
Laevis13,B4NegOneDayLaevis13,4,-1,NegOneDay,15.95,26,5,26,8,33,5399.93,89.99883333,1.499980556,22.00028519,9,0.559,8.84,4.94156,25.4,0.278,5.56,1.54568,25.2,0.281,5.47,1.53707,25.2,1.85881,1.239222731,2.427944222,1.458991673,0.972673724,1.905708707,3.317801673,2.211896455,4.333652928,0.5602535,0.4397465
Laevis14,B4NegOneDayLaevis14,4,-1,NegOneDay,14.93,8,4,17,10,46,5405.327,90.08878333,1.501479722,30.63644438,12,0.824,10.32,8.50368,16.7,0.445,8.45,3.76025,16.8,0.379,8.75,3.31625,16.9,1.42718,0.950515667,1.989525425,1.376306439,0.916633384,1.91860638,2.803486439,1.867149051,3.908131806,0.509073267,0.490926733
Laevis16,B4NegOneDayLaevis16,4,-1,NegOneDay,22.35,26,3,26,3,68,5350.426,89.17376667,1.486229444,45.75336618,12,0.824,8.07,6.64968,25.4,0.445,5.56,2.4742,25.2,0.379,5.47,2.07313,25.2,2.10235,1.414552785,1.977842261,0.704155955,0.473786842,0.662453639,2.806505955,1.888339627,2.6402959,0.749098713,0.250901287
Laevis18,B4NegOneDayLaevis18,4,-1,NegOneDay,18.775,17,6,17,4,217,5304.308,88.40513333,1.473418889,147.2765156,11,0.75,9.27,6.9525,16.8,0.393,7.32,2.87676,17.2,0.357,7.42,2.64894,17.1,1.4268,0.968360058,1.611784383,0.008271878,0.005614071,0.009344326,1.435071878,0.973974128,1.621128709,0.994235914,0.005764086
Laevis20,B4NegOneDayLaevis20,4,-1,NegOneDay,31.31,17,2,26,6,16,5337.781,88.96301667,1.482716944,10.79100098,12,0.824,8.87,7.30888,25.6,0.445,6.65,2.95925,24.3,0.379,6.74,2.55446,24.3,1.79517,1.210730077,1.20840993,0.889328891,0.599796808,0.598647405,2.684498891,1.810526885,1.807057335,0.668716983,0.331283017
Laevis24,B4NegOneDayLaevis24,4,-1,NegOneDay,26.88,8,1,8,1,9,5341.651,89.02751667,1.483791944,6.065540411,9,0.559,12.74,7.12166,8.1,0.278,10.61,2.94958,9.4,0.281,11.19,3.14439,9.4,1.02769,0.692610581,0.805211333,0.283924442,0.191350575,0.222459281,1.311614442,0.883961155,1.027670614,0.783530562,0.216469438
Laevis03,B1ZeroDayPT1Laevis03,1,0,ZeroDayPT1,36.73,17,8,8,11,175,5409.194,90.15323333,1.502553889,116.4683685,12,0.824,13.02,10.72848,17.7,0.445,9.77,4.34765,8.6,0.379,10.01,3.79379,8.5,2.58704,1.721761874,1.46488044,2.136818888,1.422124626,1.209948124,4.723858888,3.143886501,2.674828564,0.547653954,0.452346046
Laevis04,B1ZeroDayPT1Laevis04,1,0,ZeroDayPT1,59.95,8,9,14,1,39,5403.241,90.05401667,1.500900278,25.98440455,12,0.824,11.41,9.40184,14,0.445,8.21,3.65345,14.6,0.379,8.37,3.17223,14.6,2.57616,1.716409836,0.894709047,2.088270646,1.391345366,0.725263431,4.664430646,3.107755202,1.619972478,0.552298918,0.447701082
Laevis06,B1ZeroDayPT1Laevis06,1,0,ZeroDayPT1,38.515,8,11,17,12,85,5392.001,89.86668333,1.497778056,56.75073131,12,0.824,10.67,8.79208,16.8,0.445,8.2,3.649,16.7,0.379,8.13,3.08127,16.7,2.06181,1.376579122,1.11691802,1.42743239,0.953033318,0.773264733,3.48924239,2.329612439,1.890182753,0.590904778,0.409095222
Laevis07,B1ZeroDayPT1Laevis07,1,0,ZeroDayPT1,13.125,26,12,20,10,51,5396.782,89.94636667,1.499106111,34.02027356,10,0.659,9.69,6.38571,19.6,0.338,7.86,2.65668,19.9,0.321,7.82,2.51022,19.8,1.21881,0.813024502,1.935772625,0.131484779,0.087708787,0.208830446,1.350294779,0.90073329,2.144603071,0.90262513,0.09737487
Laevis08,B1ZeroDayPT1Laevis08,1,0,ZeroDayPT1,39.09,26,7,29,2,59,5398.796,89.97993333,1.499665556,39.34210517,12,0.824,8.51,7.01224,28.4,0.445,4.72,2.1004,28.6,0.379,4.75,1.80025,28.5,3.11159,2.074855949,1.658717023,3.434487193,2.290168751,1.830846085,6.546077193,4.365024701,3.489563108,0.475336588,0.524663412
Laevis09,B1ZeroDayPT1Laevis09,1,0,ZeroDayPT1,33.865,8,9,11,7,10,5408.361,90.13935,1.5023225,6.656360402,10,0.659,12.41,8.17819,10.3,0.338,10.32,3.48816,11,0.321,10.95,3.51495,10.9,1.17508,0.782175598,0.721777276,0.321833679,0.214224096,0.197682061,1.496913679,0.996399694,0.919459337,0.785001845,0.214998155
Laevis12,B1ZeroDayPT1Laevis12,1,0,ZeroDayPT1,22.575,17,8,23,4,76,5313.025,88.55041667,1.475840278,51.49608745,12,0.824,9.67,7.96808,22.2,0.445,6.66,2.9637,22,0.379,6.7,2.5393,22,2.46508,1.670289148,2.312138909,0.359080059,0.243305501,0.336801635,2.824160059,1.913594649,2.648940545,0.872854211,0.127145789
Laevis13,B1ZeroDayPT1Laevis13,1,0,ZeroDayPT1,25.425,26,7,17,8,19,5320.157,88.66928333,1.477821389,12.85676344,9,0.559,11.06,6.18254,16.4,0.278,9.02,2.50756,17.1,0.281,9.18,2.57958,17.1,1.0954,0.741226246,0.911045042,0.225123249,0.152334545,0.187235184,1.320523249,0.893560791,1.098280225,0.829519662,0.170480338
Laevis16,B1ZeroDayPT1Laevis16,1,0,ZeroDayPT1,19.965,26,12,23,9,18,5252.39,87.53983333,1.458997222,12.33724076,12,0.824,9.47,7.80328,22.6,0.445,7.42,3.3019,23.2,0.379,7.42,2.81218,23.2,1.6892,1.157781505,1.812204961,0.958086443,0.656674618,1.027852832,2.647286443,1.814456123,2.840057793,0.638087353,0.361912647
Laevis19,B1ZeroDayPT1Laevis19,1,0,ZeroDayPT1,14.88,17,10,26,6,56,5257.343,87.62238333,1.460373056,38.34636622,10,0.659,8.84,5.82556,25.2,0.338,5.89,1.99082,25.5,0.321,5.96,1.91316,25.5,1.92158,1.315814471,2.763387247,1.340704551,0.918056209,1.928041433,3.262284551,2.23387068,4.69142868,0.589028937,0.410971063
Laevis24,B1ZeroDayPT1Laevis24,1,0,ZeroDayPT1,28.085,8,11,20,5,59,5318.071,88.63451667,1.477241944,39.93929378,9,0.559,9.95,5.56205,19.7,0.278,7.58,2.10724,19.7,0.281,7.51,2.11031,19.7,1.3445,0.910142042,1.012709233,1.27889567,0.865732032,0.963294499,2.62339567,1.775874074,1.976003732,0.512503705,0.487496295
Laevis03,B1ZeroDayPT2Laevis03,1,0,ZeroDayPT2,36.73,17,8,17,3,34,4505.128,75.08546667,1.251424444,27.16903937,12,0.824,10.32,8.50368,16.95,0.445,8.1,3.6045,17.2,0.379,8.44,3.19876,17.1,1.70042,1.358787586,1.15606077,1.140769407,0.911576733,0.775572363,2.841189407,2.270364319,1.931633133,0.598488786,0.401511214
Laevis04,B1ZeroDayPT2Laevis04,1,0,ZeroDayPT2,59.95,8,9,23,11,32,4139.238,68.9873,1.149788333,27.83120951,12,0.824,7.61,6.27064,21.25,0.445,5.3,2.3585,22.3,0.379,5.3,2.0087,22.2,1.90344,1.65546992,0.862943036,3.873627242,3.368991605,1.756146583,5.777067242,5.024461524,2.619089619,0.329482057,0.670517943
Laevis06,B1ZeroDayPT2Laevis06,1,0,ZeroDayPT2,38.515,8,11,26,12,53,4495.919,74.93198333,1.248866389,42.43848699,12,0.824,8.625,7.107,23.9,0.445,5.91,2.62995,24.8,0.379,6.05,2.29295,24.8,2.1841,1.748866027,1.418981263,3.935512759,3.151268058,2.556851273,6.119612759,4.900134085,3.975832537,0.356901668,0.643098332
Laevis07,B1ZeroDayPT2Laevis07,1,0,ZeroDayPT2,13.125,26,12,11,5,,4498.741,74.97901667,1.249650278,,10,0.659,11.887,7.833533,11.65,0.338,10.63,3.59294,11.9,0.321,10.91,3.50211,11.9,0.738483,0.590951735,1.407027941,,,,,,,,
Laevis08,B1ZeroDayPT2Laevis08,1,0,ZeroDayPT2,39.09,26,7,20,6,22,4486.497,74.77495,1.246249167,17.65297068,12,0.824,9.735,8.02164,19.7,0.445,7.62,3.3909,19.8,0.379,7.66,2.90314,19.8,1.7276,1.386239643,1.108211534,1.248514481,1.001817705,0.800890338,2.976114481,2.388057349,1.909101871,0.580488422,0.419511578
Laevis09,B1ZeroDayPT2Laevis09,1,0,ZeroDayPT2,33.865,8,9,17,10,,4506.863,75.11438333,1.251906389,,10,0.659,10.675,7.034825,15.7,0.338,9.89,3.34282,16.1,0.321,9.83,3.15543,16.1,0.536575,0.428606328,0.395510047,,,,,,,,
Laevis12,B1ZeroDayPT2Laevis12,1,0,ZeroDayPT2,22.575,17,8,14,7,75,4320.418,72.00696667,1.200116111,62.49395313,12,0.824,10.795,8.89508,12.9,0.445,9.21,4.09845,13.2,0.379,9.74,3.69146,12.9,1.10517,0.920885896,1.274758992,0.856577922,0.713745874,0.988020312,1.961747922,1.634631769,2.262779304,0.563359842,0.436640158
Laevis13,B1ZeroDayPT2Laevis13,1,0,ZeroDayPT2,25.425,26,7,8,9,0,4504.465,75.07441667,1.251240278,0,9,0.559,12.395,6.928805,7.5,0.278,11.28,3.13584,7.3,0.281,11.54,3.24274,7.3,0.550225,0.439743677,0.540491245,0,0,0,0.550225,0.439743677,0.540491245,1,0
Laevis16,B1ZeroDayPT2Laevis16,1,0,ZeroDayPT2,19.965,26,12,14,4,8,4500.83,75.01383333,1.250230556,6.398819773,12,0.824,11.405,9.39772,12.65,0.445,9.78,4.3521,12.8,0.379,10.23,3.87717,12.8,1.16845,0.934587621,1.46285315,0.017864532,0.01428899,0.022365687,1.186314532,0.94887661,1.485218837,0.984941151,0.015058849
Laevis19,B1ZeroDayPT2Laevis19,1,0,ZeroDayPT2,14.88,17,10,29,1,42,4500.876,75.0146,1.250243333,33.59346047,10,0.659,9,5.931,28.6,0.338,6.25,2.1125,28.9,0.321,6.23,1.99983,28.8,1.81867,1.454652828,3.054966456,1.315365746,1.052087791,2.20952577,3.134035746,2.506740618,5.264492226,0.580296508,0.419703492
Laevis24,B1ZeroDayPT2Laevis24,1,0,ZeroDayPT2,28.085,8,11,29,2,40,4540.441,75.67401667,1.261233611,31.71498099,9,0.559,8.64,4.82976,27.65,0.278,6.04,1.67912,28.7,0.281,6.16,1.73096,28.6,1.41968,1.125628105,1.252479199,2.150277414,1.704900182,1.897031536,3.569957414,2.830528288,3.149510735,0.397674212,0.602325788
Laevis01,B2ZeroDayPT1Laevis01,2,0,ZeroDayPT1,40.07,17,6,8,5,,5399.592,89.9932,1.499886667,,12,0.824,13.42,11.05808,7.1,0.445,9.46,4.2097,7.8,0.379,9.7,3.6763,7.9,3.17208,2.114879791,1.649363451,,,,,,,,
Laevis02,B2ZeroDayPT1Laevis02,2,0,ZeroDayPT1,54.43,17,2,26,7,136,5409.901,90.16501667,1.502750278,90.5007319,11,0.75,8.93,6.6975,24.4,0.393,5.28,2.07504,24.6,0.357,5.34,1.90638,24.6,2.71608,1.807406087,1.037689514,13.16397968,8.759924966,5.029352475,15.88005968,10.56733105,6.067041989,0.171037141,0.828962859
Laevis05,B2ZeroDayPT1Laevis05,2,0,ZeroDayPT1,29.635,26,5,23,11,95,5359.258,89.32096667,1.488682778,63.81480421,11,0.75,9.36,7.02,23.3,0.393,7.09,2.78637,23.1,0.357,7.11,2.53827,23.1,1.69536,1.138832279,1.200894507,1.286892173,0.864450232,0.911559634,2.982252173,2.003282511,2.112454141,0.568483113,0.431516887
Laevis10,B2ZeroDayPT1Laevis10,2,0,ZeroDayPT1,50.925,8,1,11,9,,5404.472,90.07453333,1.501242222,,10,0.659,12.25,8.07275,10.6,0.338,9.42,3.18396,11,0.321,9.72,3.12012,11,1.76867,1.178137661,0.722961255,,,,,,,,
Laevis11,B2ZeroDayPT1Laevis11,2,0,ZeroDayPT1,33.05,8,1,20,4,54,5401.773,90.02955,1.5004925,35.98818388,12,0.824,10.06,8.28944,19.2,0.445,7.38,3.2841,19.8,0.379,7.4,2.8046,19.8,2.20074,1.466678441,1.386798828,0.895463885,0.596779981,0.564277591,3.096203885,2.063458421,1.951076419,0.710786525,0.289213475
Laevis14,B2ZeroDayPT1Laevis14,2,0,ZeroDayPT1,37.54,26,3,29,1,135,5292.858,88.2143,1.470238333,91.82184748,12,0.824,8.41,6.92984,27.8,0.445,4.8,2.136,27.4,0.379,4.82,1.82678,27.5,2.96706,2.018080969,1.679942202,1.251216024,0.851029384,0.708435489,4.218276024,2.869110353,2.388377691,0.703382136,0.296617864
Laevis17,B2ZeroDayPT1Laevis17,2,0,ZeroDayPT1,26.395,8,4,14,12,31,5398.234,89.97056667,1.499509444,20.67342764,9,0.559,10.79,6.03161,13.9,0.278,8.75,2.4325,14.1,0.281,8.84,2.48404,14.1,1.11507,0.743623192,0.880402529,0.519079905,0.346166479,0.409839079,1.634149905,1.089789672,1.290241608,0.682354781,0.317645219
Laevis18,B2ZeroDayPT1Laevis18,2,0,ZeroDayPT1,31.7,26,5,20,6,39,5365.35,89.4225,1.490375,26.16791076,11,0.75,9.69,7.2675,19.8,0.393,6.23,2.44839,20,0.357,6.21,2.21697,20,2.60214,1.745963264,1.721178297,1.158811348,0.77753005,0.766492557,3.760951348,2.523493314,2.487670854,0.691883452,0.308116548
Laevis20,B2ZeroDayPT1Laevis20,2,0,ZeroDayPT1,15.64,26,3,17,8,18,5402.033,90.03388333,1.500564722,11.99548392,12,0.824,10.17,8.38008,16.4,0.445,7.82,3.4799,16.7,0.379,7.88,2.98652,16.8,1.91366,1.275293209,2.548140204,0.683681155,0.455615905,0.910357867,2.597341155,1.730909115,3.458498071,0.736776529,0.263223471
Laevis21,B2ZeroDayPT1Laevis21,2,0,ZeroDayPT1,26.21,8,4,17,2,56,5393.949,89.89915,1.498319167,37.37521434,12,0.824,10.51,8.66024,16.1,0.445,8.67,3.85815,16.4,0.379,9.14,3.46406,16.4,1.33803,0.893020679,1.064742321,0.432109497,0.288396162,0.34385273,1.770139497,1.181416841,1.408595051,0.75588958,0.24411042
Laevis22,B2ZeroDayPT1Laevis22,2,0,ZeroDayPT1,17.99,17,2,23,10,25,5414.927,90.24878333,1.504146389,16.62072268,11,0.75,9.4,7.05,22.6,0.393,6.57,2.58201,22.7,0.357,6.57,2.34549,22.8,2.1225,1.411099356,2.451187041,1.21864879,0.810192943,1.407366841,3.34114879,2.221292299,3.858553882,0.635260545,0.364739455
Laevis23,B2ZeroDayPT1Laevis23,2,0,ZeroDayPT1,33.055,17,6,11,3,24,5408.58,90.143,1.502383333,15.97461811,10,0.659,12.15,8.00685,10.6,0.338,10.24,3.46112,11.2,0.321,10.53,3.38013,11.3,1.1656,0.775833953,0.733468795,0.261567651,0.174101806,0.164594809,1.427167651,0.949935758,0.898063605,0.816722548,0.183277452
Laevis01,B2ZeroDayPT2Laevis01,2,0,ZeroDayPT2,40.07,17,6,11,6,9,5432.245,90.53741667,1.508956944,5.964384891,12,0.824,11.65,9.5996,10.4,0.445,6.92,3.0794,10.7,0.379,9.38,3.55502,10.7,2.96518,1.965052754,1.532515562,0.414794905,0.274888496,0.21438147,3.379974905,2.23994125,1.746897032,0.877278703,0.122721297
Laevis02,B2ZeroDayPT2Laevis02,2,0,ZeroDayPT2,54.43,17,2,23,8,173,5400.105,90.00175,1.500029167,115.3310908,11,0.75,8.74,6.555,22.4,0.393,5.36,2.10648,22.8,0.357,5.37,1.91709,22.7,2.53143,1.687587186,0.968897659,4.879267446,3.252781716,1.867525787,7.410697446,4.940368901,2.836423446,0.34159133,0.65840867
Laevis05,B2ZeroDayPT2Laevis05,2,0,ZeroDayPT2,29.635,26,5,17,4,21,5335.853,88.93088333,1.482181389,14.16830636,11,0.75,9.04,6.78,16.4,0.393,7.03,2.76279,16.3,0.357,7.45,2.65965,16.2,1.35756,0.915920285,0.965834618,0.413720863,0.279129711,0.294341268,1.771280863,1.195049996,1.260175886,0.766428424,0.233571576
Laevis10,B2ZeroDayPT2Laevis10,2,0,ZeroDayPT2,50.925,8,1,14,11,40,5405.879,90.09798333,1.501633056,26.63766614,10,0.659,11.53,7.59827,13.3,0.338,8.89,3.00482,13.5,0.321,9,2.889,13.2,1.70445,1.135064251,0.696529364,1.151696933,0.76696296,0.470644919,2.856146933,1.902027211,1.167174283,0.596765517,0.403234483
Laevis11,B2ZeroDayPT2Laevis11,2,0,ZeroDayPT2,33.05,8,1,29,5,81,5357.635,89.29391667,1.488231944,54.42699997,12,0.824,6.84,5.63616,28.3,0.445,3.31,1.47295,28.5,0.379,3.28,1.24312,28.8,2.92009,1.962120227,1.8552574,4.026033573,2.705246039,2.5579104,6.946123573,4.667366266,4.413167801,0.420391312,0.579608688
Laevis14,B2ZeroDayPT2Laevis14,2,0,ZeroDayPT2,37.54,26,3,23,1,100,5307.684,88.4614,1.474356667,67.82619312,12,0.824,8.78,7.23472,22.5,0.445,5.85,2.60325,22.3,0.379,5.89,2.23231,22.3,2.39916,1.627258895,1.354604168,2.979300405,2.020746046,1.682160734,5.378460405,3.648004941,3.036764901,0.446068172,0.553931828
Laevis17,B2ZeroDayPT2Laevis17,2,0,ZeroDayPT2,26.395,8,4,20,7,56,5357.755,89.29591667,1.488265278,37.62770041,9,0.559,9.27,5.18193,19.1,0.278,7.26,2.01828,18.7,0.281,7.19,2.02039,18.7,1.14326,0.768182942,0.90947971,2.363791056,1.588286102,1.880429653,3.507051056,2.356469044,2.789909363,0.325988981,0.674011019
Laevis18,B2ZeroDayPT2Laevis18,2,0,ZeroDayPT2,31.7,26,5,11,2,10,5318.895,88.64825,1.477470833,6.76832312,11,0.75,11.54,8.655,11.2,0.393,8.88,3.48984,11.5,0.357,9.48,3.38436,11,1.7808,1.205302981,1.188193002,0.564804604,0.382278006,0.376851346,2.345604604,1.587580987,1.565044348,0.759207241,0.240792759
Laevis20,B2ZeroDayPT2Laevis20,2,0,ZeroDayPT2,15.64,26,3,8,10,0,5405.923,90.09871667,1.501645278,0,12,0.824,12.11,9.97864,7.1,0.445,10.23,4.55235,8.3,0.379,11.03,4.18037,7.9,1.24592,0.829703272,1.657815041,0,0,0,1.24592,0.829703272,1.657815041,1,0
Laevis21,B2ZeroDayPT2Laevis21,2,0,ZeroDayPT2,26.21,8,4,26,12,80,5100.672,85.0112,1.416853333,56.46314839,12,0.824,8.69,7.16056,25.5,0.445,5.7,2.5365,24.9,0.379,5.81,2.20199,25,2.42207,1.709471223,2.038190603,2.047823815,1.445332249,1.723259549,4.469893815,3.154803471,3.761450152,0.541862984,0.458137016
Laevis22,B2ZeroDayPT2Laevis22,2,0,ZeroDayPT2,17.99,17,2,26,3,77,5275.579,87.92631667,1.465438611,52.54399564,11,0.75,8.58,6.435,25.2,0.393,5.04,1.98072,25,0.357,5.05,1.80285,25.3,2.65143,1.809308135,3.142906015,1.0714213,0.731126703,1.270022761,3.7228513,2.540434838,4.412928776,0.712204111,0.287795889
Laevis23,B2ZeroDayPT2Laevis23,2,0,ZeroDayPT2,33.055,17,6,8,9,,4225.47,70.4245,1.173741667,,10,0.659,11.86,7.81574,7.5,0.338,10.33,3.49154,7.7,0.321,10.87,3.48927,7.8,0.83493,0.711340514,0.672497082,,,,,,,,
Laevis02,B3ZeroDayPT1Laevis02,3,0,ZeroDayPT1,32.11,26,7,17,8,86,5354.818,89.24696667,1.487449444,57.81709108,11,0.75,10.72,8.04,17,0.393,7.35,2.88855,17.5,0.357,7.32,2.61324,17.5,2.53821,1.70641766,1.660714789,0.622199096,0.418299324,0.407096041,3.160409096,2.124716983,2.067810829,0.803127039,0.196872961
Laevis03,B3ZeroDayPT1Laevis03,3,0,ZeroDayPT1,44.56,8,11,20,5,39,5290.659,88.17765,1.4696275,26.53733684,12,0.824,9.53,7.85272,19.8,0.445,6.09,2.71005,19.7,0.379,6.14,2.32706,19.7,2.81561,1.915866436,1.343600227,1.6874081,1.148187619,0.805225832,4.5030181,3.064054054,2.148826059,0.625271748,0.374728252
Laevis04,B3ZeroDayPT1Laevis04,3,0,ZeroDayPT1,31.81,26,7,29,2,96,5301.69,88.3615,1.472691667,65.1867612,12,0.824,8.7,7.1688,29.3,0.445,5.25,2.33625,29.3,0.379,5.22,1.97838,29.5,2.85417,1.938063523,1.903944832,6.66280525,4.524236404,4.444589363,9.51697525,6.462299927,6.348534195,0.29990306,0.70009694
Laevis11,B3ZeroDayPT1Laevis11,3,0,ZeroDayPT1,50.59,17,8,8,11,4,5360.206,89.33676667,1.488946111,2.686463916,12,0.824,12.97,10.68728,7.8,0.445,10.64,4.7348,9.1,0.379,11.48,4.35092,8.5,1.60156,1.075633287,0.664430524,0.146034256,0.09807894,0.060584441,1.747594256,1.173712227,0.725014965,0.916436979,0.083563021
Laevis19,B3ZeroDayPT1Laevis19,3,0,ZeroDayPT1,34.465,8,11,17,12,19,5354.066,89.23443333,1.487240556,12.77533747,10,0.659,11,7.249,16.9,0.338,8.53,2.88314,16.8,0.321,8.55,2.74455,16.8,1.62131,1.090146442,0.988454267,0.368612562,0.247849994,0.224729793,1.989922562,1.337996436,1.21318406,0.814760348,0.185239652
Laevis21,B3ZeroDayPT1Laevis21,3,0,ZeroDayPT1,34.4,26,12,23,9,63,5351.943,89.19905,1.486650833,42.37713294,12,0.824,9.73,8.01752,22.9,0.445,7.32,3.2574,23.2,0.379,7.41,2.80839,23.3,1.95173,1.312836852,1.192620687,1.032658216,0.694620548,0.631014306,2.984388216,2.0074574,1.823634992,0.653979931,0.346020069
Laevis22,B3ZeroDayPT1Laevis22,3,0,ZeroDayPT1,44.59,8,9,11,7,12,5405.783,90.09638333,1.501606389,7.991441758,11,0.75,11.87,8.9025,11,0.393,10.42,4.09506,11.5,0.357,10.73,3.83061,11.4,0.97683,0.650523338,0.455906129,0.263207522,0.175283965,0.122844223,1.240037522,0.825807303,0.578750352,0.787742292,0.212257708
Laevis23,B3ZeroDayPT1Laevis23,3,0,ZeroDayPT1,29.075,17,8,20,4,81,5401.896,90.0316,1.500526667,53.98104665,10,0.659,9.47,6.24073,19.6,0.338,7.08,2.39304,19.3,0.321,7.36,2.36256,19.3,1.48513,0.989739158,1.063778115,0.359149813,0.23934917,0.257254053,1.844279813,1.229088329,1.321032168,0.80526284,0.19473716
Laevis02,B3ZeroDayPT2Laevis02,3,0,ZeroDayPT2,32.11,26,7,8,9,54,4013.052,66.8842,1.114736667,48.44193397,11,0.75,9.33,6.9975,8.1,0.393,8.35,3.28155,9,0.357,8.31,2.96667,9.2,0.74928,0.672158746,0.654156363,0.446938852,0.40093671,0.390198449,1.196218852,1.073095456,1.044354812,0.626373676,0.373626324
Laevis03,B3ZeroDayPT2Laevis03,3,0,ZeroDayPT2,44.56,8,11,29,2,81,5290.686,88.1781,1.469635,55.11572601,12,0.824,8.37,6.89688,28.5,0.445,6.3,2.8035,27.6,0.379,6.35,2.40665,27.5,1.68673,1.147720352,0.804898138,2.089231618,1.421598981,0.996969662,3.775961618,2.569319333,1.8018678,0.446702104,0.553297896
Laevis04,B3ZeroDayPT2Laevis04,3,0,ZeroDayPT2,31.81,26,7,26,6,64,5411.104,90.18506667,1.503084444,42.5791114,12,0.824,8.86,7.30064,25.6,0.445,5.49,2.44305,26.1,0.379,5.54,2.09966,26,2.75793,1.834847011,1.802545397,6.496284256,4.321968922,4.245882704,9.254214256,6.156815933,6.048428101,0.298018819,0.701981181
Laevis11,B3ZeroDayPT2Laevis11,3,0,ZeroDayPT2,50.59,17,8,17,3,21,5407.725,90.12875,1.502145833,13.98000083,12,0.824,10.27,8.46248,17.1,0.445,7.95,3.53775,17.3,0.379,8.18,3.10022,17.4,1.82451,1.214602444,0.750273302,3.292912814,2.192139232,1.35410854,5.117422814,3.406741676,2.104381842,0.356529071,0.643470929
Laevis19,B3ZeroDayPT2Laevis19,3,0,ZeroDayPT2,34.465,8,11,26,12,66,5389.481,89.82468333,1.497078056,44.08587766,10,0.659,8.74,5.75966,27.5,0.338,6.14,2.07532,25.6,0.321,6.13,1.96773,25.6,1.71661,1.146640279,1.039678188,1.023281604,0.683519206,0.619758456,2.739891604,1.830159486,1.659436644,0.626524786,0.373475214
Laevis21,B3ZeroDayPT2Laevis21,3,0,ZeroDayPT2,34.4,26,12,14,4,14,5402.924,90.04873333,1.500812222,9.328282241,12,0.824,10.21,8.41304,14.1,0.445,8.82,3.9249,14.8,0.379,8.84,3.35036,14.9,1.13778,0.758109498,0.688689587,1.596059665,1.063463931,0.966082786,2.733839665,1.821573428,1.654772373,0.41618388,0.58381612
Laevis22,B3ZeroDayPT2Laevis22,3,0,ZeroDayPT2,44.59,8,9,8,10,264,5408.362,90.13936667,1.502322778,175.7278821,11,0.75,12.35,9.2625,8.1,0.393,11.02,4.33086,8.7,0.357,11.14,3.97698,8.8,0.95466,0.635455985,0.445346479,0.484861555,0.322741266,0.226186691,1.439521555,0.958197251,0.671533171,0.663178677,0.336821323
Laevis23,B3ZeroDayPT2Laevis23,3,0,ZeroDayPT2,29.075,17,8,14,7,72,5406.054,90.1009,1.501681667,47.94624693,10,0.659,9.8,6.4582,14.2,0.338,8.56,2.89328,15,0.321,8.67,2.78307,15,0.78185,0.520649627,0.559597622,4.060129126,2.703721578,2.90597762,4.841979126,3.224371205,3.465575242,0.161473228,0.838526772
Laevis01,B4ZeroDayPT1Laevis01,4,0,ZeroDayPT1,22.295,17,2,26,7,94,5342.814,89.0469,1.484115,63.33740984,12,0.824,9.04,7.44896,25.5,0.445,5.39,2.39855,25.1,0.379,5.42,2.05418,25.1,2.99623,2.018866463,2.829763487,6.648826449,4.479994104,6.279426586,9.645056449,6.498860566,9.109190074,0.310649296,0.689350704
Laevis06,B4ZeroDayPT1Laevis06,4,0,ZeroDayPT1,24.08,8,4,17,2,57,5346.972,89.1162,1.48527,38.37686077,12,0.824,10.19,8.39656,16.8,0.445,7.82,3.4799,17.1,0.379,8.2,3.1078,17.1,1.80886,1.217866112,1.58049485,1.440923984,0.970142792,1.25901006,3.249783984,2.188008904,2.83950491,0.556609303,0.443390697
Laevis08,B4ZeroDayPT1Laevis08,4,0,ZeroDayPT1,36.625,26,3,17,8,25,4186.923,69.78205,1.163034167,21.4954992,12,0.824,10.16,8.37184,16.7,0.445,8.16,3.6312,16.8,0.379,8.28,3.13812,16.8,1.60252,1.377878695,1.175664416,0.598479611,0.51458472,0.439065461,2.200999611,1.892463415,1.614729876,0.728087362,0.271912638
Laevis10,B4ZeroDayPT1Laevis10,4,0,ZeroDayPT1,17.11,26,5,20,6,63,5410.339,90.17231667,1.502871944,41.91973923,10,0.659,9.5,6.2605,20.4,0.338,6.44,2.17672,20.6,0.321,6.4,2.0544,20.6,2.02938,1.350334609,2.466274491,2.260159248,1.503893433,2.746736983,4.289539248,2.854228042,5.213011474,0.473099763,0.526900237
Laevis12,B4ZeroDayPT1Laevis12,4,0,ZeroDayPT1,26.585,17,6,11,3,165,5361.437,89.35728333,1.489288056,110.7911927,12,0.824,10.25,8.446,10.2,0.445,9.14,4.0673,11.1,0.379,9.28,3.51712,11,0.86158,0.578518035,0.680033425,0.049694917,0.033368237,0.039223525,0.911274917,0.611886273,0.71925695,0.945466603,0.054533397
Laevis13,B4ZeroDayPT1Laevis13,4,0,ZeroDayPT1,15.95,26,5,23,11,16,5372.87,89.54783333,1.492463889,10.72052739,9,0.559,8.95,5.00305,23.1,0.278,5.78,1.60684,23.1,0.281,5.8,1.6298,23.1,1.76641,1.183552924,2.318873284,0.683005238,0.457636023,0.896622301,2.449415238,1.641188947,3.215495585,0.721155798,0.278844202
Laevis14,B4ZeroDayPT1Laevis14,4,0,ZeroDayPT1,14.93,8,4,14,12,30,5398.67,89.97783333,1.499630556,20.00492714,12,0.824,10.76,8.86624,13.8,0.445,8.58,3.8181,13.6,0.379,8.99,3.40721,13.6,1.64093,1.094222836,2.290319065,0.263968709,0.176022493,0.368432881,1.904898709,1.270245329,2.658751945,0.86142638,0.13857362
Laevis16,B4ZeroDayPT1Laevis16,4,0,ZeroDayPT1,22.35,26,3,29,1,24,5285.955,88.09925,1.468320833,16.34520158,12,0.824,8.74,7.20176,28.3,0.445,5.1,2.2695,28.4,0.379,5.11,1.93669,28.5,2.99557,2.040133145,2.852535158,1.411152842,0.961065735,1.343772001,4.406722842,3.001198881,4.19630716,0.679772726,0.320227274
Laevis18,B4ZeroDayPT1Laevis18,4,0,ZeroDayPT1,18.775,17,6,8,5,,5399.461,89.99101667,1.499850278,,11,0.75,12.76,9.57,8,0.393,11.34,4.45662,8.4,0.357,11.65,4.15905,8.5,0.95433,0.636283511,1.059060437,,,,,,,,
Laevis20,B4ZeroDayPT1Laevis20,4,0,ZeroDayPT1,31.31,17,2,23,10,33,5406.524,90.10873333,1.501812222,21.97345281,12,0.824,9.36,7.71264,22.9,0.445,5.71,2.54095,23.6,0.379,5.68,2.15272,23.6,3.01897,2.010218025,2.006365803,1.172308055,0.780595628,0.779099757,4.191278055,2.790813654,2.78546556,0.720298191,0.279701809
Laevis24,B4ZeroDayPT1Laevis24,4,0,ZeroDayPT1,26.88,8,1,11,9,36,5403.784,90.06306667,1.501051111,23.983194,9,0.559,11.83,6.61297,11.2,0.278,9.46,2.62988,11.7,0.281,9.68,2.72008,11.8,1.26301,0.841417051,0.978209928,0.549818463,0.366288969,0.42583818,1.812828463,1.20770602,1.404048107,0.696706845,0.303293155
Laevis01,B4ZeroDayPT2Laevis01,4,0,ZeroDayPT2,22.295,17,2,20,8,36,5305.234,88.42056667,1.473676111,24.42870569,12,0.824,8.35,6.8804,19.7,0.445,5.68,2.5276,19.5,0.379,5.71,2.16409,19.5,2.18871,1.485204234,2.081750721,0.739697337,0.501940237,0.703549335,2.928407337,1.987144472,2.785300055,0.747406268,0.252593732
Laevis06,B4ZeroDayPT2Laevis06,4,0,ZeroDayPT2,24.08,8,4,23,12,93,5349.568,89.15946667,1.485991111,62.5844928,12,0.824,9.08,7.48192,22.6,0.445,6.34,2.8213,22.1,0.379,6.45,2.44455,22.2,2.21607,1.491307709,1.935355727,2.332903305,1.569930861,2.037389511,4.548973305,3.061238571,3.972745238,0.487158278,0.512841722
Laevis08,B4ZeroDayPT2Laevis08,4,0,ZeroDayPT2,36.625,26,3,8,10,0,5407.487,90.12478333,1.502079722,0,12,0.824,8.72,7.18528,8.9,0.445,7.84,3.4888,9,0.379,8.04,3.04716,8.9,0.64932,0.432280651,0.368840146,0,0,0,0.64932,0.432280651,0.368840146,1,0
Laevis10,B4ZeroDayPT2Laevis10,4,0,ZeroDayPT2,17.11,26,5,11,2,60,5134.386,85.5731,1.426218333,42.06929514,10,0.659,9.35,6.16165,11,0.338,7.25,2.4505,11.9,0.321,7.95,2.55195,11.6,1.1592,0.812778782,1.484473229,0.71181469,0.499092371,0.911550941,1.87101469,1.311871154,2.39602417,0.619556867,0.380443133
Laevis12,B4ZeroDayPT2Laevis12,4,0,ZeroDayPT2,26.585,17,6,8,9,85,5356.075,89.26791667,1.487798611,57.13138819,12,0.824,9.82,8.09168,8.4,0.445,8.7,3.8715,8.6,0.379,9.27,3.51333,8.6,0.70685,0.475097903,0.558465656,0.109037838,0.073288036,0.086148246,0.815887838,0.548385938,0.644613902,0.866356829,0.133643171
Laevis13,B4ZeroDayPT2Laevis13,4,0,ZeroDayPT2,15.95,26,5,14,4,28,5332.391,88.87318333,1.481219722,18.90333998,9,0.559,9.87,5.51733,14.1,0.278,7.3,2.0294,14.6,0.281,7.78,2.18618,14.4,1.30175,0.878836529,1.721858404,1.659430578,1.120313586,2.194971759,2.961180578,1.999150115,3.916830163,0.439605072,0.560394928
Laevis14,B4ZeroDayPT2Laevis14,4,0,ZeroDayPT2,14.93,8,4,20,7,39,5160.143,86.00238333,1.433373056,27.20854829,12,0.824,8.75,7.21,19.7,0.445,6.11,2.71895,19.1,0.379,6.21,2.35359,19.2,2.13746,1.491209837,3.121253007,2.265096705,1.580256233,3.30763612,4.402556705,3.071466069,6.428889127,0.485504252,0.514495748
Laevis16,B4ZeroDayPT2Laevis16,4,0,ZeroDayPT2,22.35,26,3,26,1,10,5185.07,86.41783333,1.440297222,6.943011377,12,0.824,8.2,6.7568,25.4,0.445,4.52,2.0114,25.4,0.379,4.6,1.7434,25.5,3.002,2.084292015,2.914278545,1.172420282,0.814012736,1.138160984,4.174420282,2.898304751,4.052439529,0.719141772,0.280858228
Laevis18,B4ZeroDayPT2Laevis18,4,0,ZeroDayPT2,18.775,17,6,11,6,96,5323.384,88.72306667,1.478717778,64.92111033,11,0.75,9.94,7.455,10.7,0.393,8.56,3.36408,11.3,0.357,8.93,3.18801,11,0.90291,0.610603331,1.016317128,4.411166483,2.983102354,4.965216967,5.314076483,3.593705684,5.981534095,0.169909109,0.830090891
Laevis20,B4ZeroDayPT2Laevis20,4,0,ZeroDayPT2,31.31,17,2,26,3,10,5376.329,89.60548333,1.493424722,6.696018789,12,0.824,8.51,7.01224,25.6,0.445,5.14,2.2873,25.3,0.379,5.21,1.97459,25.3,2.75035,1.841639528,1.838110356,1.639749939,1.09797964,1.095875559,4.390099939,2.939619167,2.933985914,0.626489155,0.373510845
Laevis24,B4ZeroDayPT2Laevis24,4,0,ZeroDayPT2,26.88,8,1,8,11,17,5364.54,89.409,1.49015,11.40824749,9,0.559,8.97,5.01423,8.8,0.278,8.18,2.27404,8.7,0.281,8.38,2.35478,8.2,0.38541,0.258638392,0.300686375,0.331758234,0.22263412,0.25882873,0.717168234,0.481272512,0.559515104,0.537405286,0.462594714
Laevis03,B1OneDayLaevis03,1,1,OneDay,36.73,17,8,26,3,153,5402.863,90.04771667,1.500795278,101.9459498,12,0.824,8.69,7.16056,25.4,0.445,4.93,2.19385,25.4,0.379,4.96,1.87984,25.4,3.08687,2.056822836,1.749951365,6.690698351,4.458101948,3.792967216,9.777568351,6.514924784,5.542918581,0.315709376,0.684290624
Laevis04,B1OneDayLaevis04,1,1,OneDay,59.95,8,9,14,2,103,5398.977,89.98295,1.499715833,68.67967765,12,0.824,11.68,9.62432,13.4,0.445,8.39,3.73355,14.3,0.379,8.45,3.20255,14.4,2.68822,1.792486243,0.934365223,2.315616832,1.544037064,0.804856685,5.003836832,3.336523307,1.739221907,0.537231746,0.462768254
Laevis06,B1OneDayLaevis06,1,1,OneDay,38.515,8,11,17,8,61,5388.538,89.80896667,1.496816111,40.75316904,12,0.824,10.29,8.47896,16.5,0.445,7.97,3.54665,16.9,0.379,8.38,3.17602,16.8,1.75629,1.173350545,0.952024005,0.784962601,0.524421534,0.42550105,2.541252601,1.697772079,1.377525054,0.691111934,0.308888066
Laevis07,B1OneDayLaevis07,1,1,OneDay,13.125,26,12,17,5,25,5401.07,90.01783333,1.500297222,16.66336485,10,0.659,10.98,7.23582,16.2,0.338,8.68,2.93384,16.6,0.321,9.03,2.89863,16.6,1.40335,0.935381323,2.227098387,0.441123554,0.294024109,0.700057402,1.844473554,1.229405432,2.927155789,0.760840402,0.239159598
Laevis08,B1OneDayLaevis08,1,1,OneDay,39.09,26,7,11,12,0,5398.253,89.97088333,1.499514722,0,12,0.824,12.22,10.06928,10.4,0.445,10.43,4.64135,10.7,0.379,10.51,3.98329,10.7,1.44464,0.963405013,0.770181802,0,0,0,1.44464,0.963405013,0.770181802,1,0
Laevis09,B1OneDayLaevis09,1,1,OneDay,33.865,8,9,26,7,70,5408.863,90.14771667,1.502461944,46.59019835,10,0.659,7.74,5.10066,25.1,0.338,4.63,1.56494,25.2,0.321,4.65,1.49265,25.2,2.04307,1.359814808,1.254812129,5.761805548,3.834909476,3.538784029,7.804875548,5.194724284,4.793596157,0.261768428,0.738231572
Laevis12,B1OneDayLaevis12,1,1,OneDay,22.575,17,8,8,11,70,5396.209,89.93681667,1.498946944,46.69945141,12,0.824,12.98,10.69552,8.1,0.445,11.89,5.29105,8.8,0.379,12.12,4.59348,8.8,0.81099,0.54103983,0.748947716,0.050462824,0.033665517,0.046602322,0.861452824,0.574705347,0.795550038,0.941421256,0.058578744
Laevis13,B1OneDayLaevis13,1,1,OneDay,25.425,26,7,14,1,62,5400.895,90.01491667,1.500248611,41.32648385,9,0.559,11.3,6.3167,13.4,0.278,9.12,2.53536,14.2,0.281,9.34,2.62454,13.9,1.1568,0.771072202,0.947728862,1.347855436,0.898421385,1.104254407,2.504655436,1.669493587,2.051983269,0.461859936,0.538140064
Laevis16,B1OneDayLaevis16,1,1,OneDay,19.965,26,12,20,10,32,5394.941,89.91568333,1.498594722,21.35333825,12,0.824,9.91,8.16584,20.1,0.445,7.79,3.46655,20,0.379,7.33,2.77807,20,1.92122,1.282014391,2.006659139,0.964528947,0.643622277,1.007422797,2.885748947,1.925636668,3.014081937,0.66576131,0.33423869
Laevis19,B1OneDayLaevis19,1,1,OneDay,14.88,17,10,20,9,,5407.109,90.11848333,1.501974722,,10,0.659,9.32,6.14188,20,0.338,6.48,2.19024,20,0.321,6.5,2.0865,20,1.86514,1.241791871,2.607929836,,,,,,,,
Laevis24,B1OneDayLaevis24,1,1,OneDay,28.085,8,11,23,6,70,5398.859,89.98098333,1.499683056,46.67652924,9,0.559,8.45,4.72355,22.9,0.278,5.3,1.4734,23.7,0.281,5.26,1.47806,23.7,1.77209,1.18164301,1.314806625,2.645522155,1.764054175,1.962851806,4.417612155,2.945697185,3.277658431,0.401142051,0.598857949
Laevis01,B2OneDayLaevis01,2,1,OneDay,40.07,17,6,14,4,73,5402.996,90.04993333,1.500832222,48.63968065,12,0.824,10.44,8.60256,14.7,0.445,7.71,3.43095,14.9,0.379,7.64,2.89556,14.9,2.27605,1.516525276,1.18271562,0.106836071,0.071184553,0.05551578,2.382886071,1.587709829,1.238231399,0.955165263,0.044834737
Laevis02,B2OneDayLaevis02,2,1,OneDay,54.43,17,2,29,9,,5407.419,90.12365,1.502060833,,11,0.75,8.89,6.6675,28.9,0.393,3.13,1.23009,28.5,0.357,3.14,1.12098,28.2,4.31643,2.873671894,1.649866741,,,,,,,,
Laevis05,B2OneDayLaevis05,2,1,OneDay,29.635,26,5,8,10,4,5407.607,90.12678333,1.502113056,2.662915408,11,0.75,12.49,9.3675,8.2,0.393,10.44,4.10292,9.6,0.357,11.02,3.93414,9.1,1.33044,0.885712294,0.933980401,0.096178058,0.064028508,0.06751783,1.426618058,0.949740802,1.00149823,0.932583176,0.067416824
Laevis10,B2OneDayLaevis10,2,1,OneDay,50.925,8,1,23,7,106,5407.748,90.12913333,1.502152222,70.56541836,10,0.659,7.6,5.0084,23.3,0.338,3.62,1.22356,23.4,0.321,3.7,1.1877,23.4,2.59714,1.728945949,1.060963396,8.093231299,5.387757099,3.306183787,10.6903713,7.116703048,4.367147182,0.242941983,0.757058017
Laevis11,B2OneDayLaevis11,2,1,OneDay,33.05,8,1,20,1,78,5370.402,89.5067,1.491778333,52.2865886,12,0.824,9.4,7.7456,20.3,0.445,6.75,3.00375,20.4,0.379,6.79,2.57341,20.3,2.16844,1.453593977,1.374426983,2.673449713,1.792122632,1.694518374,4.841889713,3.245716609,3.068945356,0.447849936,0.552150064
Laevis14,B2OneDayLaevis14,2,1,OneDay,37.54,26,3,17,11,30,5398.811,89.98018333,1.499669722,20.00440467,12,0.824,11.25,9.27,17.2,0.445,7.75,3.44875,17.3,0.379,7.76,2.94104,17.4,2.88021,1.920562879,1.598763718,0.719264523,0.479615286,0.399253535,3.599474523,2.400178166,1.998017253,0.800175131,0.199824869
Laevis17,B2OneDayLaevis17,2,1,OneDay,26.395,8,4,11,5,,5400.952,90.01586667,1.500264444,,9,0.559,11.42,6.38378,10.8,0.278,9.77,2.71606,11.3,0.281,10.11,2.84091,11.2,0.82681,0.551109508,0.65247858,,,,,,,,
Laevis18,B2OneDayLaevis18,2,1,OneDay,31.7,26,5,14,8,19,5398.811,89.98018333,1.499669722,12.66945629,11,0.75,10.09,7.5675,14.7,0.393,7.62,2.99466,14,0.357,8.31,2.96667,13.9,1.60617,1.071015822,1.055812127,0.607653098,0.405191283,0.399439356,2.213823098,1.476207105,1.455251483,0.725518675,0.274481325
Laevis20,B2OneDayLaevis20,2,1,OneDay,15.64,26,3,11,2,7,5397.646,89.96076667,1.499346111,4.668701875,12,0.824,11.68,9.62432,10.9,0.445,9.86,4.3877,11.6,0.379,10.43,3.95297,11.4,1.28365,0.85613988,1.710637548,0.15319333,0.102173427,0.204150868,1.43684333,0.958313307,1.914788417,0.893382022,0.106617978
Laevis21,B2OneDayLaevis21,2,1,OneDay,26.21,8,4,29,3,78,5407.88,90.13133333,1.502188889,51.92422909,12,0.824,7.61,6.27064,28.1,0.445,4.52,2.0114,28.2,0.379,4.54,1.72066,28.2,2.53858,1.689920634,2.014880573,2.689075679,1.790104892,2.134329564,5.227655679,3.480025526,4.149210137,0.485605816,0.514394184
Laevis22,B2OneDayLaevis22,2,1,OneDay,17.99,17,2,23,12,55,5387.653,89.79421667,1.496570278,36.75069645,11,0.75,8.32,6.24,24.5,0.393,5.13,2.01609,23,0.357,5.23,1.86711,23.1,2.3568,1.574800753,2.735548834,0.812071005,0.542621364,0.942574631,3.168871005,2.117422116,3.678123465,0.743734913,0.256265087
Laevis23,B2OneDayLaevis23,2,1,OneDay,33.055,17,6,17,6,60,5409.506,90.15843333,1.502640556,39.92970892,10,0.659,9.73,6.41207,17.9,0.338,7.32,2.47416,17.4,0.321,7.3,2.3433,17.4,1.59461,1.061205219,1.00325709,0.64691297,0.430517443,0.407008625,2.24152297,1.491722662,1.410265714,0.711395788,0.288604212
Laevis02,B3OneDayLaevis02,3,1,OneDay,32.11,26,7,14,1,55,5401.539,90.02565,1.5004275,36.65621964,11,0.75,10.93,8.1975,13.6,0.393,8.84,3.47412,13.5,0.357,8.96,3.19872,13.5,1.52466,1.016150397,0.988934908,0.274443682,0.182910325,0.17801145,1.799103682,1.199060723,1.166946359,0.847455327,0.152544673
Laevis03,B3OneDayLaevis03,3,1,OneDay,44.56,8,11,23,6,,5090.694,84.8449,1.414081667,,12,0.824,9.15,7.5396,23.4,0.445,5.08,2.2606,23.5,0.379,5.24,1.98596,23.5,3.29304,2.328748104,1.633154808,,,,,,,,
Laevis04,B3OneDayLaevis04,3,1,OneDay,31.81,26,7,20,12,42,5380.618,89.67696667,1.494616111,28.10086128,12,0.824,10.34,8.52016,20,0.445,7.51,3.34195,19.9,0.379,7.52,2.85008,19.9,2.32813,1.557677575,1.530255399,1.96337808,1.313633692,1.290507792,4.29150808,2.871311267,2.820763191,0.54249694,0.45750306
Laevis11,B3OneDayLaevis11,3,1,OneDay,50.59,17,8,26,3,95,5371.113,89.51855,1.491975833,63.67395361,12,0.824,9.28,7.64672,25.7,0.445,5.45,2.42525,25.6,0.379,5.45,2.06555,25.6,3.15592,2.115262144,1.306620716,1.602103327,1.073813189,0.663306229,4.758023327,3.189075333,1.969926945,0.663283844,0.336716156
Laevis19,B3OneDayLaevis19,3,1,OneDay,34.465,8,11,17,8,38,5399.474,89.99123333,1.499853889,25.33580123,10,0.659,10.61,6.99199,17.2,0.338,7.97,2.69386,17.4,0.321,7.9,2.5359,17.5,1.76223,1.174934447,1.065332989,0.35249541,0.235019833,0.213096468,2.11472541,1.40995428,1.278429458,0.833313863,0.166686137
Laevis21,B3OneDayLaevis21,3,1,OneDay,34.4,26,12,20,10,11,5409.421,90.15701667,1.502616944,7.320561665,12,0.824,10.39,8.56136,19.2,0.445,7.99,3.55555,19.8,0.379,8.12,3.07748,19.8,1.92833,1.283314425,1.165801622,0.650601754,0.432979115,0.393331318,2.578931754,1.71629354,1.559132939,0.747724323,0.252275677
Laevis22,B3OneDayLaevis22,3,1,OneDay,44.59,8,9,11,7,81,5406.594,90.1099,1.501831667,53.93414042,11,0.75,10.88,8.16,10.7,0.393,9.79,3.84747,10.6,0.357,10.11,3.60927,10.7,0.70326,0.468268193,0.328176295,0.632081079,0.420873453,0.29496065,1.335341079,0.889141645,0.623136946,0.526651962,0.473348038
Laevis23,B3OneDayLaevis23,3,1,OneDay,29.075,17,8,8,11,16,5412.587,90.20978333,1.503496389,10.64186128,10,0.659,13.02,8.58018,7.8,0.338,11.27,3.80926,8,0.321,11.73,3.76533,8.1,1.00559,0.66883433,0.718867509,1.698748132,1.129865123,1.214386418,2.704338132,1.798699453,1.933253926,0.371843294,0.628156706
Laevis01,B4OneDayLaevis01,4,1,OneDay,22.295,17,2,29,9,24,5333.181,88.88635,1.481439167,16.20046273,12,0.824,7.94,6.54256,29,0.445,4.25,1.89125,29.3,0.379,4.29,1.62591,29.3,3.0254,2.04220333,2.862473832,3.545227559,2.393096955,3.354307237,6.570627559,4.435300285,6.216781068,0.460443081,0.539556919
Laevis06,B4OneDayLaevis06,4,1,OneDay,24.08,8,4,29,3,218,5406.586,90.10976667,1.501829444,145.1562964,12,0.824,8.25,6.798,28.6,0.445,5.23,2.32735,29.1,0.379,5.24,1.98596,29,2.48469,1.654442193,2.147064723,0.362796402,0.241569642,0.313498809,2.847486402,1.896011836,2.460563533,0.872590646,0.127409354
Laevis08,B4OneDayLaevis08,4,1,OneDay,36.625,26,3,11,2,,5398.962,89.9827,1.499711667,,12,0.824,11.8,9.7232,10.8,0.445,10.12,4.5034,11.2,0.379,11.58,4.38882,11.3,0.83098,0.554093176,0.472775747,,,,,,,,
Laevis10,B4OneDayLaevis10,4,1,OneDay,17.11,26,5,14,8,41,5396.508,89.9418,1.49903,27.35102033,10,0.659,10.7,7.0513,13.8,0.338,8.74,2.95412,13.5,0.321,8.3,2.6643,13.5,1.43288,0.955871464,1.745820177,0.908528457,0.606077568,1.106950556,2.341408457,1.561949032,2.852770733,0.611973531,0.388026469
Laevis12,B4OneDayLaevis12,4,1,OneDay,26.585,17,6,17,6,122,5350.973,89.18288333,1.486381389,82.07853039,12,0.824,10.48,8.63552,17.3,0.445,8.08,3.5956,17.9,0.379,8.11,3.07369,17.9,1.96623,1.322830072,1.554953536,0.444376511,0.298965336,0.351426246,2.410606511,1.621795408,1.906379782,0.815657798,0.184342202
Laevis13,B4OneDayLaevis13,4,1,OneDay,15.95,26,5,8,10,0,5399.575,89.99291667,1.499881944,0,9,0.559,12.48,6.97632,8.3,0.278,10.63,2.95514,9,0.281,11,3.091,9.1,0.93018,0.62016881,1.215064282,0,0,0,0.93018,0.62016881,1.215064282,1,0
Laevis14,B4OneDayLaevis14,4,1,OneDay,14.93,8,4,11,5,,,,,,12,0.824,11.9,9.8056,10.8,0.445,9.84,4.3788,11.3,0.379,10.06,3.81274,11.3,1.61406,,,,,,,,,,
Laevis16,B4OneDayLaevis16,4,1,OneDay,22.35,26,3,17,11,6,5296.63,88.27716667,1.471286111,4.078064732,12,0.824,10.11,8.33064,16.8,0.445,7.44,3.3108,16.9,0.379,7.48,2.83492,16.9,2.18492,1.485040866,2.076399421,0.415333385,0.282292738,0.394704611,2.600253385,1.767333604,2.471104032,0.840271957,0.159728043
Laevis18,B4OneDayLaevis18,4,1,OneDay,18.775,17,6,14,4,142,5308.214,88.47023333,1.474503889,96.30357781,11,0.75,10.78,8.085,13.8,0.393,8.74,3.43482,13.5,0.357,9.31,3.32367,13.5,1.32651,0.899631401,1.49738915,0.090558446,0.061416214,0.102224058,1.417068446,0.961047615,1.599613208,0.936094515,0.063905485
Laevis20,B4OneDayLaevis20,4,1,OneDay,31.31,17,2,23,12,6,5343.729,89.06215,1.484369167,4.042121148,12,0.824,8.96,7.38304,22.5,0.445,5.87,2.61215,22.8,0.379,5.96,2.25884,22.9,2.51205,1.692335072,1.689092015,0.480775509,0.323892142,0.323271461,2.992825509,2.016227213,2.012363476,0.839357321,0.160642679
Laevis24,B4OneDayLaevis24,4,1,OneDay,26.88,8,1,17,7,34,5341.944,89.0324,1.483873333,22.91300695,9,0.559,10.18,5.69062,16.8,0.278,7.64,2.12392,16.9,0.281,7.69,2.16089,16.9,1.40581,0.947392185,1.101413906,1.528116634,1.02981609,1.197237827,2.933926634,1.977208275,2.298651733,0.479156494,0.520843506
Laevis03,B1FourDayLaevis03,1,4,FourDay,36.73,17,8,29,9,69,5399.442,89.9907,1.499845,46.00475382,12,0.824,7.98,6.57552,29.2,0.445,4.26,1.8957,29.1,0.379,4.28,1.62212,29.1,3.0577,2.03867733,1.734513111,8.892194815,5.928742513,5.044192854,11.94989481,7.967419843,6.778705965,0.255876729,0.744123271
Laevis04,B1FourDayLaevis04,1,4,FourDay,59.95,8,9,23,3,71,5408.327,90.13878333,1.502313056,47.26045596,12,0.824,9.09,7.49016,22.8,0.445,5.75,2.55875,22.5,0.379,5.86,2.22094,22.5,2.71047,1.80419786,0.940470111,3.945041795,2.625978507,1.368837837,6.655511795,4.430176367,2.309307948,0.407251926,0.592748074
Laevis06,B1FourDayLaevis06,1,4,FourDay,38.515,8,11,14,7,21,5403.739,90.06231667,1.501038611,13.990313,12,0.824,11.05,9.1052,14.3,0.445,9.03,4.01835,14.8,0.379,9.36,3.54744,14.8,1.53941,1.025563226,0.832113483,1.836463924,1.223462149,0.992683166,3.375873924,2.249025374,1.824796649,0.456003404,0.543996596
Laevis07,B1FourDayLaevis07,1,4,FourDay,13.125,26,12,26,6,85,5412.972,90.2162,1.503603333,56.53086696,10,0.659,8.35,5.50265,25.8,0.338,5.55,1.8759,26.2,0.321,5.52,1.77192,26.2,1.85483,1.233589976,2.937118991,0.958879033,0.637720742,1.518382719,2.813709033,1.871310718,4.45550171,0.65921173,0.34078827
Laevis08,B1FourDayLaevis08,1,4,FourDay,39.09,26,7,8,1,7,5401.147,90.01911667,1.500318611,4.665675643,12,0.824,12.69,10.45656,8.4,0.445,10.31,4.58795,8.8,0.379,10.72,4.06288,8.8,1.80573,1.203564354,0.962174113,0.459845462,0.306498539,0.245026333,2.265575462,1.510062893,1.207200445,0.797029289,0.202970711
Laevis09,B1FourDayLaevis09,1,4,FourDay,33.865,8,9,20,10,32,5397.081,89.95135,1.499189167,21.34487142,10,0.659,9.67,6.37253,20.1,0.338,6.35,2.1463,20.2,0.321,6.61,2.12181,20.2,2.10442,1.403705447,1.295313605,2.448446806,1.633180696,1.507069149,4.552866806,3.036886143,2.802382754,0.462218661,0.537781339
Laevis12,B1FourDayLaevis12,1,4,FourDay,22.575,17,8,17,2,51,5398.341,89.97235,1.499539167,34.01044877,12,0.824,11,9.064,16.9,0.445,8.51,3.78695,17.2,0.379,9.38,3.55502,17.2,1.72203,1.148372806,1.589663352,0.379080919,0.252798278,0.349942245,2.101110919,1.401171083,1.939605597,0.81958072,0.18041928
Laevis13,B1FourDayLaevis13,1,4,FourDay,25.425,26,7,11,4,4,5401.501,90.02501667,1.500416944,2.665925638,9,0.559,11.87,6.63533,11,0.278,9.67,2.68826,11.5,0.281,10.01,2.81281,11.6,1.13426,0.755963204,0.929158313,0.121948565,0.081276452,0.09989731,1.256208565,0.837239655,1.029055624,0.902923313,0.097076687
Laevis16,B1FourDayLaevis16,1,4,FourDay,19.965,26,12,29,11,79,5405.472,90.0912,1.50152,52.6133518,12,0.824,8.31,6.84744,29.1,0.445,5.31,2.36295,28.9,0.379,5.3,2.0087,29.1,2.47579,1.648855826,2.580853722,2.492809586,1.660190731,2.598595559,4.968599586,3.309046557,5.179449282,0.498287285,0.501712715
Laevis19,B1FourDayLaevis19,1,4,FourDay,14.88,17,10,11,5,23,5401.913,90.03188333,1.500531389,15.32790328,10,0.659,12.02,7.92118,10.8,0.338,10.02,3.38676,10.9,0.321,10.28,3.29988,11,1.23454,0.822735205,1.727854513,0.279147136,0.186032187,0.390692597,1.513687136,1.008767392,2.11854711,0.815584655,0.184415345
Laevis24,B1FourDayLaevis24,1,4,FourDay,28.085,8,11,17,8,29,4996.043,83.26738333,1.387789722,20.89653752,9,0.559,10.77,6.02043,17.1,0.278,7.47,2.07666,17.3,0.281,7.38,2.07378,17.3,1.86999,1.347459179,1.499309217,1.192041187,0.858949427,0.955747538,3.062031187,2.206408607,2.455056755,0.610702467,0.389297533
Laevis01,B2FourDayLaevis01,2,4,FourDay,40.07,17,6,23,8,56,5096.704,84.94506667,1.415751111,39.55497514,12,0.824,6.93,5.71032,22.6,0.445,4.23,1.88235,22.7,0.379,4.31,1.63349,22.7,2.19448,1.550046461,1.208858296,2.248303159,1.588063849,1.238507494,4.442783159,3.138110311,2.44736579,0.49394263,0.50605737
Laevis02,B2FourDayLaevis02,2,4,FourDay,54.43,17,2,20,5,175,5336.38,88.93966667,1.482327778,118.0575596,11,0.75,9.56,7.17,20,0.393,5.56,2.18508,20.2,0.357,5.45,1.94565,20.2,3.03927,2.050335996,1.177163326,1.965425616,1.325904868,0.761244298,5.004695616,3.376240864,1.938407624,0.607283686,0.392716314
Laevis05,B2FourDayLaevis05,2,4,FourDay,29.635,26,5,17,2,99,5389.04,89.81733333,1.496955556,66.13422799,11,0.75,10.44,7.83,16.9,0.393,7.91,3.10863,17.2,0.357,8.22,2.93454,17.2,1.78683,1.193642652,1.258691847,0.663382436,0.443154397,0.467304704,2.450212436,1.636797049,1.725996551,0.729255135,0.270744865
Laevis10,B2FourDayLaevis10,2,4,FourDay,50.925,8,1,26,11,168,5395.5,89.925,1.49875,112.0934112,10,0.659,8.08,5.32472,25.8,0.338,4.03,1.36214,25.5,0.321,4.04,1.29684,25.5,2.66574,1.778642202,1.091459378,0.990744256,0.661047043,0.405649879,3.656484256,2.439689245,1.497109257,0.729044572,0.270955428
Laevis11,B2FourDayLaevis11,2,4,FourDay,33.05,8,1,11,12,54,5395.5,89.925,1.49875,36.03002502,12,0.824,11.78,9.70672,11.3,0.445,9.73,4.32985,12,0.379,9.92,3.75968,11.9,1.61719,1.079025855,1.02025894,0.927329088,0.618735004,0.58503688,2.544519088,1.697760859,1.60529582,0.635558211,0.364441789
Laevis14,B2FourDayLaevis14,2,4,FourDay,37.54,26,3,8,9,1,5405.167,90.08611667,1.501435278,0.666029375,12,0.824,12.72,10.48128,8.6,0.445,10.16,4.5212,9.2,0.379,10.98,4.16142,9.3,1.79866,1.197960396,0.997236611,0.001019353,0.000678919,0.000565163,1.799679353,1.198639315,0.997801774,0.999433592,0.000566408
Laevis17,B2FourDayLaevis17,2,4,FourDay,26.395,8,4,8,4,26,5432.109,90.53515,1.508919167,17.23087663,9,0.559,12.93,7.22787,8,0.278,10.62,2.95236,9,0.281,10.91,3.06571,19,1.2098,0.801765944,0.949239846,0.129715106,0.085965576,0.101777771,1.339515106,0.88773152,1.051017617,0.90316264,0.09683736
Laevis18,B2FourDayLaevis18,2,4,FourDay,31.7,26,5,20,10,156,5393.486,89.89143333,1.498190556,104.1256063,11,0.75,9.81,7.3575,20.1,0.393,6.42,2.52306,20,0.357,6.39,2.28123,20,2.55321,1.704195765,1.680003712,3.099455597,2.068799316,2.039431503,5.652665597,3.772995082,3.719435214,0.451682477,0.548317523
Laevis20,B2FourDayLaevis20,2,4,FourDay,15.64,26,3,14,3,55,5406.918,90.1153,1.501921667,36.61975269,12,0.824,11.09,9.13816,13.7,0.445,9.03,4.01835,14,0.379,9.08,3.44132,14.1,1.67849,1.117561613,2.232979565,0.289121846,0.192501282,0.384633315,1.967611846,1.310062894,2.61761288,0.853059511,0.146940489
Laevis21,B2FourDayLaevis21,2,4,FourDay,26.21,8,4,23,1,45,5356.094,89.26823333,1.487803889,30.24592175,12,0.824,9.29,7.65496,22.7,0.445,5.87,2.61215,23.1,0.379,5.83,2.20957,23.1,2.83324,1.904310119,2.270495658,1.963426123,1.31968073,1.573446121,4.796666123,3.223990849,3.843941779,0.590668587,0.409331413
Laevis22,B2FourDayLaevis22,2,4,FourDay,17.99,17,2,14,7,76,5331.886,88.86476667,1.481079444,51.31392532,11,0.75,10.87,8.1525,14.2,0.393,7.99,3.14007,14.3,0.357,8.05,2.87385,14.2,2.13858,1.443933347,2.508222185,1.851994255,1.250435459,2.172101618,3.990574255,2.694368807,4.680323803,0.535907833,0.464092167
Laevis23,B2FourDayLaevis23,2,4,FourDay,33.055,17,6,26,6,68,5360.079,89.33465,1.488910833,45.67096866,10,0.659,6.27,4.13193,26.1,0.338,3.22,1.08836,25.8,0.321,3.27,1.04967,25.7,1.9939,1.339166829,1.266040339,2.39101614,1.605882694,1.518191928,4.38491614,2.945049523,2.784232267,0.454717932,0.545282068
Laevis02,B3FourDayLaevis02,3,4,FourDay,32.11,26,7,11,4,72,5401.8,90.03,1.5005,47.98400533,11,0.75,11.87,8.9025,11,0.393,9.35,3.67455,11.6,0.357,9.49,3.38793,11.6,1.84002,1.226271243,1.193428102,0.62293193,0.41514957,0.404030647,2.46295193,1.641420813,1.597458749,0.747079136,0.252920864
Laevis03,B3FourDayLaevis03,3,4,FourDay,44.56,8,11,17,8,106,5400.483,90.00805,1.500134167,70.66034649,12,0.824,10.03,8.26472,17.1,0.445,7.03,3.12835,17.5,0.379,7.05,2.67195,17.5,2.46442,1.642799727,1.152098103,2.046678144,1.364330064,0.956806878,4.511098144,3.007129791,2.108904982,0.54630157,0.45369843
Laevis04,B3FourDayLaevis04,3,4,FourDay,31.81,26,7,14,1,58,5401.153,90.01921667,1.500320278,38.65841238,12,0.824,10.68,8.80032,14.2,0.445,7.71,3.43095,14,0.379,7.67,2.90693,14,2.46244,1.641276224,1.612382332,4.235826421,2.823281458,2.773578923,6.698266421,4.464557681,4.385961256,0.367623478,0.632376522
Laevis11,B3FourDayLaevis11,3,4,FourDay,50.59,17,8,29,9,64,5394.381,89.90635,1.498439167,42.71110995,12,0.824,8.29,6.83096,29.3,0.445,5.04,2.2428,28.5,0.379,5.1,1.9329,28.9,2.65526,1.772017216,1.094594544,3.138393256,2.094441554,1.293759608,5.793653256,3.866458769,2.388354152,0.458304956,0.541695044
Laevis19,B3FourDayLaevis19,3,4,FourDay,34.465,8,11,14,7,14,5404.915,90.08191667,1.501365278,9.324845997,10,0.659,11.03,7.26877,13.9,0.338,8.06,2.72428,14.1,0.321,8.15,2.61615,14.2,1.92834,1.284390966,1.164579071,0.556930665,0.370949478,0.336346182,2.485270665,1.655340444,1.500925254,0.77590744,0.22409256
Laevis21,B3FourDayLaevis21,3,4,FourDay,34.4,26,12,29,11,77,5393.498,89.89163333,1.498193889,51.39521698,12,0.824,8.34,6.87216,29.2,0.445,4.97,2.21165,28.8,0.379,5,1.895,28.7,2.76551,1.845895929,1.676867668,2.415619211,1.612354201,1.464711302,5.181129211,3.45825013,3.14157897,0.533765881,0.466234119
Laevis22,B3FourDayLaevis22,3,4,FourDay,44.59,8,9,20,10,52,5405.127,90.08545,1.501424167,34.63378381,11,0.75,9.69,7.2675,20,0.393,7.1,2.7903,20.1,0.357,7.21,2.57397,20.1,1.90323,1.267616469,0.888383374,1.567653592,1.04411107,0.731744134,3.470883592,2.311727538,1.620127508,0.54834164,0.45165836
Laevis23,B3FourDayLaevis23,3,4,FourDay,29.075,17,8,17,2,49,5398.223,89.97038333,1.499506389,32.67741996,10,0.659,10.6,6.9854,17,0.338,7.75,2.6195,16.7,0.321,7.97,2.55837,16.8,1.80753,1.205416671,1.295589716,0.869672082,0.579972242,0.623357956,2.677202082,1.785388913,1.918947671,0.675156355,0.324843645
Laevis01,B4FourDayLaevis01,4,4,FourDay,22.295,17,2,20,5,134,5388.685,89.81141667,1.496856944,89.5209128,12,0.824,10.08,8.30592,20.3,0.445,7.2,3.204,20.1,0.379,7.2,2.7288,20.1,2.37312,1.585402004,2.222193884,1.172422039,0.783255904,1.097858129,3.545542039,2.368657908,3.320052013,0.669325021,0.330674979
Laevis06,B4FourDayLaevis06,4,4,FourDay,24.08,8,4,23,1,82,5402.052,90.0342,1.50057,54.64590122,12,0.824,9.57,7.88568,23,0.445,6.52,2.9014,22.4,0.379,6.54,2.47866,22.4,2.50562,1.669778817,2.166967942,5.895712073,3.928981702,5.098865373,8.401332073,5.598760519,7.265833315,0.2982408,0.7017592
Laevis08,B4FourDayLaevis08,4,4,FourDay,36.625,26,3,14,3,32,5408.278,90.13796667,1.502299444,21.30068018,12,0.824,11.45,9.4348,13.5,0.445,8.84,3.9338,14.1,0.379,9,3.411,14.2,2.09,1.391200674,1.187031292,1.001559027,0.666684016,0.568843017,3.091559027,2.057884691,1.755874309,0.676034318,0.323965682
Laevis10,B4FourDayLaevis10,4,4,FourDay,17.11,26,5,20,10,45,5408.532,90.1422,1.50237,29.95267477,10,0.659,10.04,6.61636,20,0.338,6.56,2.21728,19.8,0.321,6.64,2.13144,19.8,2.26764,1.509375187,2.756748954,3.004727531,1.999991701,3.652819442,5.272367531,3.509366888,6.409568395,0.430098999,0.569901001
Laevis12,B4FourDayLaevis12,4,4,FourDay,26.585,17,6,26,6,119,5394.757,89.91261667,1.498543611,79.41043498,12,0.824,9.2,7.5808,25.8,0.445,6.77,3.01265,25.9,0.379,6.83,2.58857,25.8,1.97958,1.321002596,1.552805383,0.930543865,0.620965488,0.72992934,2.910123865,1.941968084,2.282734723,0.680239087,0.319760913
Laevis13,B4FourDayLaevis13,4,4,FourDay,15.95,26,5,17,2,101,5397.508,89.95846667,1.499307778,67.36442077,9,0.559,10.36,5.79124,16.9,0.278,7.43,2.06554,17.6,0.281,7.7,2.1637,17.2,1.562,1.041814111,2.041171848,0.754595018,0.503295607,0.986080735,2.316595018,1.545109718,3.027252583,0.674265458,0.325734542
Laevis14,B4FourDayLaevis14,4,4,FourDay,14.93,8,4,8,4,17,5396.714,89.94523333,1.499087222,11.34023408,12,0.824,12.54,10.33296,8.4,0.445,10.34,4.6013,8.7,0.379,10.68,4.04772,8.6,1.68394,1.123310222,2.351201904,0.318913946,0.212738752,0.445283725,2.002853946,1.336048974,2.796485629,0.840770244,0.159229756
Laevis16,B4FourDayLaevis16,4,4,FourDay,22.35,26,3,8,9,5,5316.434,88.60723333,1.476787222,3.385728103,12,0.824,12.55,10.3412,8.4,0.445,9.56,4.2542,9.7,0.379,10.3,3.9037,9.3,2.1833,1.478412033,2.067130919,0.229802287,0.155609612,0.217574961,2.413102287,1.634021646,2.28470588,0.904768941,0.095231059
Laevis18,B4FourDayLaevis18,4,4,FourDay,18.775,17,6,23,8,,5255.168,87.58613333,1.459768889,,11,0.75,9.58,7.185,22.7,0.393,6.62,2.60166,23.2,0.357,6.7,2.3919,23.2,2.19144,1.501223938,2.498708286,,,,,,,,
Laevis20,B4FourDayLaevis20,4,4,FourDay,31.31,17,2,14,7,9,5351.36,89.18933333,1.486488889,6.054535669,12,0.824,9.16,7.54784,13.8,0.445,7.18,3.1951,14.6,0.379,7.41,2.80839,14.5,1.54435,1.038924685,1.036933772,0.340093943,0.228790101,0.228351665,1.884443943,1.267714785,1.265285437,0.819525572,0.180474428
Laevis24,B4FourDayLaevis24,4,4,FourDay,26.88,8,1,26,11,100,5170.181,86.16968333,1.436161389,69.63005744,9,0.559,8.95,5.00305,25.6,0.278,5.54,1.54012,25.6,0.281,5.57,1.56517,25.5,1.89776,1.321411378,1.536239046,1.494441029,1.040580147,1.209751845,3.392201029,2.361991525,2.745990891,0.559447976,0.440552024
Laevis03,B1EightDayLaevis03,1,8,EightDay,36.73,17,8,20,11,65,5405.597,90.09328333,1.501554722,43.28846564,12,0.824,10.12,8.33888,20,0.445,6.42,2.8569,20.2,0.379,6.45,2.44455,20.2,3.03743,2.02285668,1.721052852,3.109499432,2.070853221,1.76188846,6.146929432,4.0937099,3.482941312,0.49413777,0.50586223
Laevis04,B1EightDayLaevis04,1,8,EightDay,59.95,8,9,20,10,87,5404.161,90.06935,1.501155833,57.95534219,12,0.824,9.61,7.91864,20.2,0.445,5.85,2.60325,20.3,0.379,5.96,2.25884,20.2,3.05655,2.036131048,1.061369395,6.554211131,4.366109758,2.275912092,9.610761131,6.402240805,3.337281487,0.318034124,0.681965876
Laevis06,B1EightDayLaevis06,1,8,EightDay,38.515,8,11,23,3,108,5405.952,90.0992,1.501653333,71.92072738,12,0.824,9.27,7.63848,23.3,0.445,5.98,2.6611,22.9,0.379,5.9,2.2361,23,2.74128,1.825507885,1.481166335,2.888617397,1.92362467,1.560775566,5.629897397,3.749132554,3.041941901,0.486914735,0.513085265
Laevis07,B1EightDayLaevis07,1,8,EightDay,13.125,26,12,29,9,57,5406.84,90.114,1.5019,37.95192756,10,0.659,8.29,5.46311,29.1,0.338,4.88,1.64944,29,0.321,4.88,1.56648,28.9,2.24719,1.49623144,3.56245581,1.650745452,1.099104769,2.616916116,3.897935452,2.595336209,6.179371926,0.576507751,0.423492249
Laevis08,B1EightDayLaevis08,1,8,EightDay,39.09,26,7,17,12,28,5390.914,89.84856667,1.497476111,18.698128,12,0.824,10.24,8.43776,17,0.445,7.48,3.3286,16.9,0.379,7.74,2.93346,17,2.1757,1.452911324,1.161511356,2.067690136,1.380783387,1.103849599,4.243390136,2.833694711,2.265360955,0.512726836,0.487273164
Laevis09,B1EightDayLaevis09,1,8,EightDay,33.865,8,9,26,8,44,5399.512,89.99186667,1.499864444,29.33598444,10,0.659,8.33,5.48947,25.8,0.338,4.34,1.46692,25.4,0.321,4.37,1.40277,25.5,2.61978,1.746677848,1.611802237,2.92809382,1.952238971,1.801490266,5.54787382,3.698916819,3.413292502,0.472213335,0.527786665
Laevis12,B1EightDayLaevis12,1,8,EightDay,22.575,17,8,14,1,91,5383.357,89.72261667,1.495376944,60.85422163,12,0.824,11.02,9.08048,14.1,0.445,8.99,4.00055,14.8,0.379,9.03,3.42237,14.9,1.65756,1.108456303,1.53440795,0.479722375,0.320803645,0.444080351,2.137282375,1.429259949,1.978488301,0.775545627,0.224454373
Laevis13,B1EightDayLaevis13,1,8,EightDay,25.425,26,7,8,5,100,5333.145,88.88575,1.481429167,67.50238368,9,0.559,12.91,7.21669,8.2,0.278,10.37,2.88286,8.7,0.281,10.51,2.95331,8.7,1.38052,0.931883907,1.145383367,0.076470548,0.051619443,0.063445726,1.456990548,0.98350335,1.208829093,0.947514726,0.052485274
Laevis16,B1EightDayLaevis16,1,8,EightDay,19.965,26,12,26,7,39,5267.783,87.79638333,1.463273056,26.65257851,12,0.824,8.53,7.02872,25.7,0.445,5.43,2.41635,25.5,0.379,5.38,2.03902,25.6,2.57335,1.758625972,2.752670255,2.663138401,1.819987316,2.848715434,5.236488401,3.578613289,5.601385688,0.491426659,0.508573341
Laevis19,B1EightDayLaevis19,1,8,EightDay,14.88,17,10,8,4,0,5404.141,90.06901667,1.501150278,0,10,0.659,11.02,7.26218,8.3,0.338,10.01,3.38338,9,0.321,10.74,3.44754,9,0.43126,0.287286361,0.603339971,0,0,0,0.43126,0.287286361,0.603339971,1,0
Laevis24,B1EightDayLaevis24,1,8,EightDay,28.085,8,11,11,6,53,5259.828,87.6638,1.461063333,36.27495044,9,0.559,12.3,6.8757,11.3,0.278,9.44,2.62432,11.4,0.281,9.49,2.66669,11.4,1.58469,1.084614174,1.206843259,0.313828307,0.214794458,0.239000421,1.898518307,1.299408632,1.44584368,0.834698298,0.165301702
Laevis01,B2EightDayLaevis01,2,8,EightDay,40.07,17,6,29,5,53,5400.238,90.00396667,1.500066111,35.33177612,12,0.824,8.39,6.91336,28.9,0.445,4.83,2.14935,28.7,0.379,4.88,1.84952,28.7,2.91449,1.942907701,1.515244963,7.243558733,4.82882633,3.765930192,10.15804873,6.771734031,5.281175155,0.286914355,0.713085645
Laevis02,B2EightDayLaevis02,2,8,EightDay,54.43,17,2,11,3,35,5407.94,90.13233333,1.502205556,23.29907506,11,0.75,11.9,8.925,11.1,0.393,8.54,3.35622,11.8,0.357,9.04,3.22728,11.6,2.3415,1.558708122,0.894904075,0.448888254,0.298819461,0.171561789,2.790388254,1.857527583,1.066465864,0.839130539,0.160869461
Laevis05,B2EightDayLaevis05,2,8,EightDay,29.635,26,5,20,9,110,5324.836,88.74726667,1.479121111,74.36848759,11,0.75,10.07,7.5525,20,0.393,7.45,2.92785,19.9,0.357,7.47,2.66679,19.9,1.95786,1.323664428,1.395799338,0.682955598,0.461730681,0.486893329,2.640815598,1.78539511,1.882692667,0.741384594,0.258615406
Laevis10,B2EightDayLaevis10,2,8,EightDay,50.925,8,1,29,2,369,5348.401,89.14001667,1.485666944,248.3732989,10,0.659,6.07,4.00013,28.8,0.338,3.2,1.0816,28.9,0.321,3.22,1.03362,28.7,1.88491,1.26872985,0.778552927,6.365764382,4.284785635,2.629348083,8.250674382,5.553515486,3.40790101,0.228455265,0.771544735
Laevis11,B2EightDayLaevis11,2,8,EightDay,33.05,8,1,8,8,,5401.938,90.0323,1.500538333,,12,0.824,12.87,10.60488,8.1,0.445,10.71,4.76595,8.5,0.379,11.38,4.31302,8.6,1.52591,1.016908376,0.961524561,,,,,,,,
Laevis14,B2EightDayLaevis14,2,8,EightDay,37.54,26,3,14,12,31,5341.829,89.03048333,1.483841389,20.89172079,12,0.824,11.28,9.29472,14.1,0.445,9.41,4.18745,14.4,0.379,9.8,3.7142,14.2,1.39307,0.938826758,0.781522008,0.262620167,0.176986684,0.14733175,1.655690167,1.115813442,0.928853758,0.841383266,0.158616734
Laevis17,B2EightDayLaevis17,2,8,EightDay,26.395,8,4,17,11,32,5405.335,90.08891667,1.501481944,21.31227759,9,0.559,10.8,6.0372,17.1,0.278,8.28,2.30184,17.3,0.281,8.29,2.32949,17.3,1.40587,0.936321616,1.108545197,1.10942108,0.738884063,0.874791702,2.51529108,1.675205679,1.983336899,0.558929347,0.441070653
Laevis18,B2EightDayLaevis18,2,8,EightDay,31.7,26,5,23,4,34,5403.062,90.05103333,1.500850556,22.65382111,11,0.75,9.61,7.2075,22.6,0.393,6.22,2.44446,21.9,0.357,6.23,2.22411,22.1,2.53893,1.691660766,1.667646654,1.45880234,0.971983743,0.958185866,3.99773234,2.663644508,2.62583252,0.635092543,0.364907457
Laevis20,B2EightDayLaevis20,2,8,EightDay,15.64,26,3,11,7,109,5407.304,90.12173333,1.502028889,72.56851104,12,0.824,11.98,9.87152,11,0.445,9.2,4.094,11.2,0.379,9.33,3.53607,11.2,2.24145,1.492281551,2.981700669,0.371703393,0.247467539,0.494460396,2.613153393,1.73974909,3.476161065,0.857756765,0.142243235
Laevis21,B2EightDayLaevis21,2,8,EightDay,26.21,8,4,14,10,39,5321.472,88.6912,1.478186667,26.3836773,12,0.824,11.3,9.3112,13.8,0.445,9.12,4.0584,14,0.379,9.59,3.63461,14,1.61819,1.094712891,1.305218537,0.667027504,0.451247139,0.538018813,2.285217504,1.54596003,1.84323735,0.708112027,0.291887973
Laevis22,B2EightDayLaevis22,2,8,EightDay,17.99,17,2,17,6,53,5364.748,89.41246667,1.490207778,35.56551025,11,0.75,10.4,7.8,17.3,0.393,8.64,3.39552,17.4,0.357,8.99,3.20943,17.4,1.19505,0.801935151,1.393022428,0.06398554,0.042937328,0.074585408,1.25903554,0.844872479,1.467607837,0.949178925,0.050821075
Laevis23,B2EightDayLaevis23,2,8,EightDay,33.055,17,6,23,1,79,5402.132,90.03553333,1.500592222,52.64588129,10,0.659,9.72,6.40548,23.1,0.338,7.31,2.47078,23.5,0.321,7.31,2.34651,23.4,1.58819,1.058375471,1.000581863,1.25444443,0.835966235,0.790317496,2.84263443,1.894341706,1.790899359,0.558703568,0.441296432
Laevis02,B3EightDayLaevis02,3,8,EightDay,32.11,26,7,8,5,182,5050.515,84.17525,1.402920833,129.7293444,11,0.75,12.61,9.4575,7.9,0.393,10.63,4.17759,8.7,0.357,11.13,3.97341,8.6,1.3065,0.931271365,0.906329186,0.239409487,0.170650746,0.166080218,1.545909487,1.101922111,1.072409404,0.845133568,0.154866432
Laevis03,B3EightDayLaevis03,3,8,EightDay,44.56,8,11,11,6,40,5409.868,90.16446667,1.502741111,26.61802469,12,0.824,12.21,10.06104,11.1,0.445,10.37,4.61465,11.8,0.379,10.47,3.96813,11.9,1.47826,0.983709029,0.689876732,0.721967221,0.480433533,0.336928813,2.200227221,1.464142562,1.026805545,0.671866972,0.328133028
Laevis04,B3EightDayLaevis04,3,8,EightDay,31.81,26,7,17,12,66,5399.211,89.98685,1.499780833,44.00642983,12,0.824,10.52,8.66848,16.7,0.445,7.9,3.5155,16.9,0.379,7.97,3.02063,17,2.13235,1.421774404,1.396744738,4.343473916,2.896072426,2.845088441,6.475823916,4.317846829,4.241833179,0.329278564,0.670721436
Laevis11,B3EightDayLaevis11,3,8,EightDay,50.59,17,8,20,11,119,5402.159,90.03598333,1.500599722,79.30162737,12,0.824,9.68,7.97632,19.9,0.445,7.38,3.2841,20,0.379,7.67,2.90693,20.1,1.78529,1.189717667,0.734901702,1.169233736,0.779177631,0.481306601,2.954523736,1.968895297,1.216208303,0.604256442,0.395743558
Laevis19,B3EightDayLaevis19,3,8,EightDay,34.465,8,11,23,3,6,5408.194,90.13656667,1.502276111,3.993939567,10,0.659,9.55,6.29345,23.2,0.338,6.69,2.26122,23.1,0.321,6.74,2.16354,23.1,1.86869,1.243905821,1.127870504,0.410232017,0.273073648,0.247600507,2.278922017,1.516979469,1.375471011,0.819988567,0.180011433
Laevis21,B3EightDayLaevis21,3,8,EightDay,34.4,26,12,26,7,43,5406.617,90.11028333,1.501838056,28.63158237,12,0.824,9.19,7.57256,15.8,0.445,6.09,2.71005,25.8,0.379,6.1,2.3119,25.7,2.55061,1.698325589,1.54281031,5.24097629,3.489708009,3.170156258,7.79158629,5.188033597,4.712966567,0.327354393,0.672645607
Laevis22,B3EightDayLaevis22,3,8,EightDay,44.59,8,9,26,8,70,5398.523,89.97538333,1.499589722,46.67943436,11,0.75,8.93,6.6975,26.1,0.393,6.27,2.46411,25.7,0.357,6.35,2.26695,25.7,1.96644,1.31131867,0.919011178,0.725639106,0.483891757,0.339125755,2.692079106,1.795210427,1.258136933,0.730454018,0.269545982
Laevis23,B3EightDayLaevis23,3,8,EightDay,29.075,17,8,14,1,97,5401.545,90.02575,1.500429167,64.64817011,10,0.659,11.3,7.4467,13.5,0.338,9.56,3.23128,14.8,0.321,9.65,3.09765,14.8,1.11777,0.744966857,0.800695246,0.467508335,0.311583076,0.334891526,1.585278335,1.056549933,1.135586772,0.705093847,0.294906153
Laevis01,B4EightDayLaevis01,4,8,EightDay,22.295,17,2,11,3,116,5354.171,89.23618333,1.487269722,77.99526761,12,0.824,11.73,9.66552,11.1,0.445,10,4.45,11.6,0.379,10.38,3.93402,11.7,1.2815,0.861645995,1.207734351,0.346413957,0.23291939,0.326473691,1.627913957,1.094565386,1.534208042,0.787203767,0.212796233
Laevis06,B4EightDayLaevis06,4,8,EightDay,24.08,8,4,14,10,0,5406.219,90.10365,1.5017275,0,12,0.824,10.84,8.93216,14.2,0.445,9.08,4.0406,14.2,0.379,9.41,3.56639,14.2,1.32517,0.882430401,1.145180649,0,0,0,1.32517,0.882430401,1.145180649,1,0
Laevis08,B4EightDayLaevis08,4,8,EightDay,36.625,26,3,11,7,14,5320.172,88.66953333,1.477825556,9.473377928,12,0.824,12.11,9.97864,10.6,0.445,9.43,4.19635,11.4,0.379,9.79,3.71041,11.1,2.07188,1.401978733,1.196227588,1.207602666,0.817148317,0.697225527,3.279482666,2.21912705,1.893453114,0.631770377,0.368229623
Laevis10,B4EightDayLaevis10,4,8,EightDay,17.11,26,5,23,4,67,5362.333,89.37221667,1.489536944,44.98042177,10,0.659,9.48,6.24732,23.2,0.338,6.32,2.13616,22.8,0.321,6.29,2.01909,22.9,2.09207,1.404510313,2.565221933,1.323611138,0.88860578,1.622964968,3.415681138,2.293116092,4.188186902,0.612489842,0.387510158
Laevis12,B4EightDayLaevis12,4,8,EightDay,26.585,17,6,23,1,120,5400.802,90.01336667,1.500222778,79.98812028,12,0.824,9.91,8.16584,22.1,0.445,7.39,3.28855,22.7,0.379,7.38,2.79702,22.7,2.08027,1.386640725,1.629961356,3.086212006,2.057169143,2.418150676,5.166482006,3.443809868,4.048112032,0.402647294,0.597352706
Laevis13,B4EightDayLaevis13,4,8,EightDay,15.95,26,5,20,9,39,5344.422,89.0737,1.484561667,26.27038059,9,0.559,10.06,5.62354,19.9,0.278,7.75,2.1545,19.9,0.281,7.78,2.18618,19.9,1.28286,0.864133858,1.693052229,0.790718692,0.532627717,1.043549603,2.073578692,1.396761575,2.736601832,0.618669552,0.381330448
Laevis14,B4EightDayLaevis14,4,8,EightDay,14.93,8,4,17,11,55,5363.187,89.38645,1.489774167,36.91834724,12,0.824,10.5,8.652,17.4,0.445,7.64,3.3998,17.2,0.379,7.68,2.91072,17.3,2.34148,1.571701304,3.289729788,1.410188124,0.946578452,1.981284435,3.751668124,2.518279755,5.271014223,0.624117039,0.375882961
Laevis16,B4EightDayLaevis16,4,8,EightDay,22.35,26,3,14,12,22,5336.584,88.94306667,1.482384444,14.84095444,12,0.824,11.21,9.23704,14.1,0.445,9.18,4.0851,14.2,0.379,9.45,3.58155,14.2,1.57039,1.059367565,1.481218632,0.281025177,0.189576448,0.26506774,1.851415177,1.248944013,1.746286372,0.848210612,0.151789388
Laevis18,B4EightDayLaevis18,4,8,EightDay,18.775,17,6,29,5,,4346.681,72.44468333,1.207411389,,11,0.75,8.68,6.51,28.5,0.393,5.18,2.03574,29.3,0.357,5.21,1.85997,29.3,2.61429,2.165202369,3.603865462,,,,,,,,
Laevis20,B4EightDayLaevis20,4,8,EightDay,31.31,17,2,17,6,27,5354.73,89.2455,1.487425,18.15217574,12,0.824,10.54,8.68496,17.3,0.445,8.08,3.5956,17.5,0.379,8.73,3.30867,17.4,1.78069,1.197162882,1.194868734,0.25132932,0.168969407,0.168645607,2.03201932,1.366132289,1.363514342,0.876315487,0.123684513
Laevis24,B4EightDayLaevis24,4,8,EightDay,26.88,8,1,29,2,118,5232.389,87.20648333,1.453441389,81.18662431,9,0.559,8.86,4.95274,28.7,0.278,5,1.39,29,0.281,5.05,1.41905,28.9,2.14369,1.474906396,1.714688425,1.788188634,1.23031355,1.430331043,3.931878634,2.705219945,3.145019468,0.545207571,0.454792429
