Block,Measurement,FrogID,MeasurementID,BoutID,Experiment,AccTemp,AccInc,PerfTemp,PerfInc,Breaths,AvgMass(g),minTime(ms),maxTime(ms),totalTime(s),totalTime(min),BreathsPerMin,O2Measure(mLO2/mLAir)(sec),AvgFlowRate(SCCMAir/min),CorrectedFlowRate(mLAir/min),AvgAirDensity(gAir/mLair),WeightPerc(gO2/gAir),VolPerc(mLO2/mLAir),O2Consumed(mgO2),mgO2ConsPerBreath,negTotalFlow(mLAir/Min)(sec),posTotalFlow(mLAir/Min)(sec),totBreathVolSCCM(mLAir/Min)(sec),BreathVolCorrected(mLAir/Min)(sec),mLAirPerBreath
1,ZeroOne,Laevis03,B1ZeroDayPT1L03,B1ZeroDayPT1L03_4000s,A,17,8,8,11,11,36.73,3918120,3975330,57.21,0.9535,11.53644468,0.082452213,180.1675,192.8587871,0.00111,0.2314,0.2095,0.324932238,0.029539294,175.3412168,173.2694168,348.6106336,373.1673246,0.565405037
1,ZeroOne,Laevis03,B1ZeroDayPT1L03,B1ZeroDayPT1L03_5200s,A,17,8,8,11,6,36.73,5228699,5269967,41.268,0.6878,8.723466124,0.071070194,180.7125,193.4421777,0.00111,0.2314,0.2095,0.280924573,0.046820762,154.6945611,135.4653298,290.1598909,310.599218,0.862775606
1,ZeroOne,Laevis03,B1ZeroDayPT1L03,B1ZeroDayPT1L03_7000s,A,17,8,8,11,11,36.73,6926587,6991901,65.314,1.088566667,10.10503108,0.066492983,179.3409,191.97396,0.00111,0.2314,0.2095,0.260837,0.023712455,254.5478472,221.2634519,475.8112991,509.3282086,0.771709407
1,ZeroOne,Laevis04,B1ZeroDayPT1L04,B1ZeroDayPT1L04_2700s,A,8,9,14,1,71,59.95,2691160,3520449,829.289,13.82148333,5.136930551,0.340680175,186.8244,199.9846098,0.00111,0.2314,0.2095,1.392177122,0.019608128,1201.97896,1181.721438,2383.700398,2551.612069,0.598969969
1,ZeroOne,Laevis04,B1ZeroDayPT1L04,B1ZeroDayPT1L04_6000s,A,8,9,14,1,6,59.95,5939780,6094553,154.773,2.57955,2.325987091,0.131311068,188.3332,201.599692,0.00111,0.2314,0.2095,0.540931478,0.090155246,133.6961528,162.4082928,296.1044456,316.9625167,0.880451435
1,ZeroOne,Laevis04,B1ZeroDayPT1L04,B1ZeroDayPT1L04_6100s,A,8,9,14,1,41,59.95,6091236,6350589,259.353,4.32255,9.485141872,0.214466367,188.8317,202.1333072,0.00111,0.2314,0.2095,0.885825409,0.021605498,557.6036882,747.4245082,1305.028196,1396.956471,0.567868484
1,ZeroOne,Laevis06,B1ZeroDayPT1L06,B1ZeroDayPT1L06_4400s,A,8,1,17,12,53,38.515,4422958,4633586,210.628,3.510466667,15.09770781,0.163296964,150.9559,161.5894752,0.00111,0.2314,0.2095,0.539190505,0.010173406,1103.837277,1046.173777,2150.011054,2301.461274,0.72372996
1,ZeroOne,Laevis06,B1ZeroDayPT1L06,B1ZeroDayPT1L06_6900s,A,8,1,17,12,49,38.515,6788751,7143220,354.469,5.907816667,8.29409624,0.13849154,149.6136,160.1526214,0.00111,0.2314,0.2095,0.453219256,0.009249373,644.4780673,659.6889973,1304.167065,1396.03468,0.474841728
1,ZeroOne,Laevis06,B1ZeroDayPT1L06,B1ZeroDayPT1L06_8300s,A,8,1,17,12,62,38.515,7975953,8721033,745.08,12.418,4.992752456,0.3879855,149.3925,159.9159468,0.00111,0.2314,0.2095,1.267822121,0.020448744,677.9052849,653.7702149,1331.6755,1425.480853,0.383193778
1,ZeroOne,Laevis07,B1ZeroDayPT1L07,B1ZeroDayPT1L07_6310s,A,26,12,20,10,3,13.125,6289116,6323950,34.834,0.580566667,5.167365218,0.005729312,180.8287,193.566563,0.00111,0.2314,0.2095,0.02266125,0.00755375,9.788338733,6.10746279,15.89580152,17.01552722,0.094530707
1,ZeroOne,Laevis07,B1ZeroDayPT1L07,B1ZeroDayPT1L07_6390s,A,26,12,20,10,3,13.125,6370058,6400797,30.739,0.512316667,5.855753278,0.004496192,180.6545,193.3800921,0.00111,0.2314,0.2095,0.017766736,0.005922245,6.11038768,5.43445768,11.54484536,12.35808275,0.068656015
1,ZeroOne,Laevis07,B1ZeroDayPT1L07,B1ZeroDayPT1L07_8050s,A,26,12,20,10,7,13.125,7997153,8102905,105.752,1.762533333,3.971556094,0.027616117,182.2464,195.0841281,0.00111,0.2314,0.2095,0.110086891,0.015726699,22.16036956,14.41512956,36.57549912,39.15193582,0.093218895
1,ZeroOne,Laevis08,B1ZeroDayPT1L08,B1ZeroDayPT1L08_3060s,A,26,7,29,2,10,39.09,3049172,3078734,29.562,0.4927,20.29632636,0.072600314,180.2436,192.9402477,0.00111,0.2314,0.2095,0.286228178,0.028622818,53.04794298,37.40438288,90.45232586,96.82393246,0.161373221
1,ZeroOne,Laevis08,B1ZeroDayPT1L08,B1ZeroDayPT1L08_3120s,A,26,7,29,2,3,39.09,3099108,3130020,30.912,0.5152,5.822981366,0.020453662,179.9873,192.6658935,0.00111,0.2314,0.2095,0.080524301,0.026841434,16.80428977,13.67127977,30.47556954,32.62231744,0.181235097
1,ZeroOne,Laevis08,B1ZeroDayPT1L08,B1ZeroDayPT1L08_3200s,A,26,7,29,2,17,39.09,2987315,3410416,423.101,7.051683333,2.410771896,0.079328286,179.4259,192.0649476,0.00111,0.2314,0.2095,0.311334491,0.018313794,60.9884414,92.91698795,153.9054294,164.7467741,0.161516445
1,ZeroOne,Laevis09,B1ZeroDayPT1L09,B1ZeroDayPT1L09_4610s,A,8,9,11,7,5,33.865,4588491,4636289,47.798,0.796633333,6.276413239,0.036469037,183.79,196.7364618,0.00111,0.2314,0.2095,0.146608856,0.029321771,26.21111684,31.55046684,57.76158368,61.83040209,0.20610134
1,ZeroOne,Laevis09,B1ZeroDayPT1L09,B1ZeroDayPT1L09_4660s,A,8,9,11,7,3,33.865,4628259,4680907,52.648,0.877466667,3.418933293,0.034828152,183.953,196.9109437,0.00111,0.2314,0.2095,0.140136523,0.046712174,29.92856366,21.36770366,51.29626732,54.9096585,0.305053658
1,ZeroOne,Laevis09,B1ZeroDayPT1L09,B1ZeroDayPT1L09_5280s,A,8,9,11,7,3,33.865,5247394,5332595,85.201,1.420016667,2.11265126,0.058643338,183.4328,196.3541,0.00111,0.2314,0.2095,0.235293384,0.078431128,60.03530414,47.24782192,107.2831261,114.8403212,0.638001784
1,ZeroOne,Laevis12,B1ZeroDayPT1L12,B1ZeroDayPT1L12_3050s,A,17,8,23,4,31,22.575,2783763,3314512,530.749,8.845816667,3.504481403,0.11958492,187.8529,201.0855589,0.00111,0.2314,0.2095,0.491369679,0.015850635,120.6303742,107.4434842,228.0738584,244.1397461,0.131257928
1,ZeroOne,Laevis12,B1ZeroDayPT1L12,B1ZeroDayPT1L12_3670s,A,17,8,23,4,15,22.575,3655228,3804181,148.953,2.48255,6.042174377,0.018234239,187.9277,201.165628,0.00111,0.2314,0.2095,0.074953595,0.004996906,35.86070153,39.35606153,75.21676306,80.51515223,0.08946128
1,ZeroOne,Laevis12,B1ZeroDayPT1L12,B1ZeroDayPT1L12_5000s,A,17,8,23,4,41,22.575,4973672,5155563,181.891,3.031516667,13.5245834,0.066352558,188.9646,202.2755689,0.00111,0.2314,0.2095,0.274253486,0.006689109,283.9128767,176.1024067,460.0152834,492.4194963,0.200170527
1,ZeroOne,Laevis13,B1ZeroDayPT1L13,B1ZeroDayPT1L13_5000s,A,26,7,17,8,19,25.425,4925751,5053005,127.254,2.1209,8.958461031,0.033770046,216.1387,231.363856,0.00111,0.2314,0.2095,0.15965342,0.008402812,107.2642572,45.07948717,152.3437444,163.0750815,0.143048317
1,ZeroOne,Laevis13,B1ZeroDayPT1L13,B1ZeroDayPT1L13_7110s,A,26,7,17,8,17,25.425,7088865,7125181,36.316,0.605266667,28.0867937,0.010323064,262.2369,280.709287,0.00111,0.2314,0.2095,0.059212919,0.003483113,117.7244263,95.6820563,213.4064826,228.4391768,0.223959977
1,ZeroOne,Laevis16,B1ZeroDayPT1L16,B1ZeroDayPT1L16_3550s,A,26,12,23,9,10,19.965,3497842,3561790,63.948,1.0658,9.382623381,0.060725636,181.5197,194.3062382,0.00111,0.2314,0.2095,0.241107028,0.024110703,22.81560349,40.30083267,63.11643616,67.56245895,0.112604098
1,ZeroOne,Laevis16,B1ZeroDayPT1L16,B1ZeroDayPT1L16_4400s,A,26,12,23,9,6,19.965,4348132,4411987,63.855,1.06425,5.63777308,0.045358267,181.0095,193.7600989,0.00111,0.2314,0.2095,0.179585745,0.029930957,23.21607724,19.73221399,42.94829123,45.9736376,0.127704549
1,ZeroOne,Laevis16,B1ZeroDayPT1L16,B1ZeroDayPT1L16_5075s,A,26,12,23,9,5,19.965,4995346,5154689,159.343,2.655716667,1.882730964,0.077519665,180.1059,192.7928479,0.00111,0.2314,0.2095,0.305389331,0.061077866,34.88426153,15.71872947,50.602991,54.16754667,0.180558489
1,ZeroOne,Laevis19,B1ZeroDayPT1L19,B1ZeroDayPT1L19_4000s,A,17,10,26,6,6,14.88,3981472,4004573,23.101,0.385016667,15.58374096,0.017810607,179.8989,192.5712664,0.00111,0.2314,0.2095,0.070084383,0.011680731,44.7031558,27.08920852,71.79236432,76.84953337,0.213470926
1,ZeroOne,Laevis19,B1ZeroDayPT1L19,B1ZeroDayPT1L19_5000s,A,17,10,26,6,5,14.88,4975911,5000699,24.788,0.413133333,12.1026303,0.009373048,178.9965,191.6052999,0.00111,0.2314,0.2095,0.03669775,0.00733955,22.32476065,24.73527947,47.06004012,50.37502466,0.167916749
1,ZeroOne,Laevis19,B1ZeroDayPT1L19,B1ZeroDayPT1L19_6100s,A,17,10,26,6,10,14.88,6068809,6111120,42.311,0.705183333,14.18070951,0.02164792,172.2404,184.3732895,0.00111,0.2314,0.2095,0.081557748,0.008155775,39.33070652,35.77043424,75.10114076,80.39138532,0.133985642
1,ZeroOne,Laevis24,B1ZeroDayPT1L24,B1ZeroDayPT1L24_4100s,A,8,11,20,5,15,28.085,3994404,4175358,180.954,3.0159,4.97363971,0.044968835,168.0884,179.9288159,0.00111,0.2314,0.2095,0.165334473,0.011022298,57.96073391,62.37085257,120.3315865,128.807936,0.143119929
1,ZeroOne,Laevis24,B1ZeroDayPT1L24,B1ZeroDayPT1L24_5650s,A,8,11,20,5,6,28.085,5597918,5669071,71.153,1.185883333,5.059519627,0.022165358,167.7242,179.5389611,0.00111,0.2314,0.2095,0.081317593,0.013552932,20.52879122,27.33047457,47.85926579,51.23054907,0.142307081
1,ZeroOne,Laevis24,B1ZeroDayPT1L24,B1ZeroDayPT1L24_7400s,A,8,11,20,5,22,28.085,7296206,7454653,158.447,2.640783333,8.330861424,0.074888694,159.8581,171.1187604,0.00111,0.2314,0.2095,0.261857454,0.011902612,58.84074109,79.21262532,138.0533664,147.7780665,0.111953081
1,ZeroTwo,Laevis03,B1ZeroDayPT2L03,B1ZeroDayPT2L03_2780s,A,17,8,17,3,3,36.73,2774476,2790471,15.995,0.266583333,11.25351672,0.041712891,188.3302,201.5964807,0.00111,0.2314,0.2095,0.171832098,0.057277366,31.08871949,33.00380949,64.09252898,68.6073093,0.381151718
1,ZeroTwo,Laevis03,B1ZeroDayPT2L03,B1ZeroDayPT2L03_4790s,A,17,8,17,3,5,36.73,4779401,4800632,21.231,0.35385,14.13028119,0.01087248,189.0911,202.4109797,0.00111,0.2314,0.2095,0.044969055,0.008993811,37.29499629,28.26197106,65.55696735,70.17490506,0.23391635
1,ZeroTwo,Laevis03,B1ZeroDayPT2L03,B1ZeroDayPT2L03_6370s,A,17,8,17,3,6,36.73,6360410,6380618,20.208,0.3368,17.81472684,0.052005433,190.0887,203.4788523,0.00111,0.2314,0.2095,0.216231544,0.036038591,56.14805268,62.33862268,118.4866754,126.8330664,0.352314073
1,ZeroTwo,Laevis04,B1ZeroDayPT2L04,B1ZeroDayPT2L04_4250s,A,8,9,23,11,3,59.95,4228749,4271298,42.549,0.70915,4.230416696,0.074256763,182.429,195.2795907,0.00111,0.2314,0.2095,0.296308376,0.098769459,59.27665563,68.04550563,127.3221613,136.2909381,0.757171878
1,ZeroTwo,Laevis04,B1ZeroDayPT2L04,B1ZeroDayPT2L04_6800s,A,8,9,23,11,4,59.95,6758708,6801198,42.49,0.708166667,5.648387856,0.121891184,182.2377,195.0748153,0.00111,0.2314,0.2095,0.485875001,0.12146875,98.54939858,105.8455988,204.3949974,218.7929081,0.911637117
1,ZeroTwo,Laevis04,B1ZeroDayPT2L04,B1ZeroDayPT2L04_7200s,A,8,9,23,11,5,59.95,7209714,7251107,41.393,0.689883333,7.247602252,0.112689064,182.2992,195.1406474,0.00111,0.2314,0.2095,0.449345679,0.089869136,82.50615695,69.20172027,151.7078772,162.3944229,0.541314743
1,ZeroTwo,Laevis06,B1ZeroDayPT2L06,B1ZeroDayPT2L06_3640s,A,8,11,26,12,12,38.515,3618779,3660366,41.587,0.693116667,17.31310265,0.081901474,184.8232,197.842442,0.00111,0.2314,0.2095,0.33110233,0.027591861,123.5122537,125.1758366,248.6880903,266.2060775,0.369730663
1,ZeroTwo,Laevis06,B1ZeroDayPT2L06,B1ZeroDayPT2L06_4650s,A,8,11,26,12,4,38.515,4609337,4671857,62.52,1.042,3.838771593,0.0394806,184.2222,197.1991066,0.00111,0.2314,0.2095,0.159088849,0.039772212,33.00593687,58.11826613,91.124203,97.54313771,0.40642974
1,ZeroTwo,Laevis06,B1ZeroDayPT2L06,B1ZeroDayPT2L06_7440s,A,8,11,26,12,8,38.515,7418787,7461176,42.389,0.706483333,11.32369247,0.087113973,178.2308,190.7856628,0.00111,0.2314,0.2095,0.339613239,0.042451655,113.4448314,80.12934837,193.5741798,207.2098548,0.431687197
1,ZeroTwo,Laevis12,B1ZeroDayPT2L12,B1ZeroDayPT2L12_3800s,A,17,8,14,4,14,22.575,3770718,3800993,30.275,0.504583333,27.74566474,0.020038289,164.7312,176.3351294,0.00111,0.2314,0.2095,0.072202217,0.005157301,89.84811868,63.74334404,153.5914627,164.4106912,0.195727013
1,ZeroTwo,Laevis12,B1ZeroDayPT2L12,B1ZeroDayPT2L12_5100s,A,17,8,14,4,19,22.575,5099024,5135052,36.028,0.600466667,31.64205618,0.010483238,165.3337,176.9800704,0.00111,0.2314,0.2095,0.037911493,0.001995342,35.70622495,41.80474263,77.51096758,82.9709642,0.072781548
1,ZeroTwo,Laevis19,B1ZeroDayPT2L19,B1ZeroDayPT2L19_2600s,A,17,10,29,1,2,14.88,2548566,2601536,52.97,0.882833333,2.265433264,0.012629249,181.9656,194.7835481,0.00111,0.2314,0.2095,0.050266757,0.025133379,10.81922514,1.901546668,12.72077181,13.61684334,0.113473694
1,ZeroTwo,Laevis19,B1ZeroDayPT2L19,B1ZeroDayPT2L19_3250s,A,17,10,29,1,8,14.88,3144489,3305333,160.844,2.680733333,2.984258039,0.042046776,183.0689,195.9645663,0.00111,0.2314,0.2095,0.168368681,0.021046085,23.65989325,18.71882695,42.3787202,45.36394509,0.094508219
1,ZeroTwo,Laevis19,B1ZeroDayPT2L19,B1ZeroDayPT2L19_6000s,A,17,10,29,1,4,14.88,5906515,6107158,200.643,3.34405,1.196154364,0.037468622,183.2243,196.1309129,0.00111,0.2314,0.2095,0.150163654,0.037540913,5.107133672,25.34375999,30.45089366,32.59590335,0.135816264
1,ZeroTwo,Laevis24,B1ZeroDayPT2L24,B1ZeroDayPT2L24_2650s,A,8,11,29,2,8,28.085,2596891,2699712,102.821,1.713683333,4.668307058,0.075849272,174.4989,186.7908818,0.00111,0.2314,0.2095,0.289506383,0.036188298,26.63993863,98.48045009,125.1203887,133.9340692,0.279029311
1,ZeroTwo,Laevis24,B1ZeroDayPT2L24,B1ZeroDayPT2L24_3400s,A,8,11,29,2,9,28.085,3292998,3555599,262.601,4.376683333,2.056351651,0.114056609,174.0573,186.3181748,0.00111,0.2314,0.2095,0.434236908,0.048248545,310.373519,102.0082633,412.3817823,441.4306151,0.817464102
2,ZeroOne,Laevis02,B2ZeroDayPT1L02,B2ZeroDayPT1L02_8175s,A,17,2,8,7,2,54.43,8148226,8201536,53.31,0.8885,2.250984806,0.045944417,208.2022,222.8682962,0.00111,0.2314,0.2095,0.209233922,0.104616961,35.66204211,51.67032601,87.33236812,93.48419991,0.779034999
2,ZeroOne,Laevis02,B2ZeroDayPT1L02,B2ZeroDayPT1L02_8530s,A,17,2,8,7,2,54.43,8507696,8582047,74.351,1.239183333,1.613966187,0.038548262,207.5342,222.1532412,0.00111,0.2314,0.2095,0.174988098,0.087494049,52.76058617,56.46771617,109.2283023,116.9225188,0.974354323
2,ZeroOne,Laevis05,B2ZeroDayPT1L05,B2ZeroDayPT1L05_6870s,A,26,5,23,11,15,29.635,6822900,6892273,69.373,1.156216667,12.97334698,0.083065169,158.8854,170.0775419,0.00111,0.2314,0.2095,0.288680187,0.019245346,151.0666709,139.2597168,290.3263877,310.7774432,0.34530827
2,ZeroOne,Laevis05,B2ZeroDayPT1L05,B2ZeroDayPT1L05_8600s,A,26,5,23,11,15,29.635,8544935,8704843,159.908,2.665133333,5.628236236,0.134761524,151.5057,162.178004,0.00111,0.2314,0.2095,0.446589923,0.029772662,120.2923492,117.5377916,237.8301408,254.5832765,0.282870307
2,ZeroOne,Laevis05,B2ZeroDayPT1L05,B2ZeroDayPT1L05_9500s,A,26,5,23,11,11,29.635,9477812,9552306,74.494,1.241566667,8.859773942,0.074063905,147.4632,157.8507438,0.00111,0.2314,0.2095,0.238893478,0.021717589,47.26945799,59.62222585,106.8916838,114.4213051,0.173365614
2,ZeroOne,Laevis11,B2ZeroDayPT1L11,B2ZeroDayPT1L11_6000s,A,8,1,20,4,9,33.05,6038319,6092710,54.391,0.906516667,9.928113107,0.046391481,182.4158,195.2654609,0.00111,0.2314,0.2095,0.185103538,0.02056706,103.8809956,100.6796556,204.5606512,218.970231,0.405500428
2,ZeroOne,Laevis11,B2ZeroDayPT1L11,B2ZeroDayPT1L11_7600s,A,8,1,20,4,7,33.05,7578823,7615594,36.771,0.61285,11.42204455,0.034250417,182.5017,195.3574118,0.00111,0.2314,0.2095,0.136724649,0.019532093,35.31066699,33.29516294,68.60582993,73.4385344,0.174853653
2,ZeroOne,Laevis11,B2ZeroDayPT1L11,B2ZeroDayPT1L11_8400s,A,8,1,20,4,11,33.05,8388570,8436507,47.937,0.79895,13.76807059,0.028026392,182.4199,195.2698497,0.00111,0.2314,0.2095,0.111828743,0.010166249,124.2615824,123.3928514,247.6544338,265.0996085,0.401666074
2,ZeroOne,Laevis14,B2ZeroDayPT1L14,B2ZeroDayPT1L14_6100s,A,26,3,29,1,7,37.54,6063221,6121864,58.643,0.977383333,7.161980117,0.015323386,66.81479,71.52133075,0.00111,0.2314,0.2095,0.022394501,0.003199214,60.26481577,31.88303008,92.14784585,98.6388876,0.234854494
2,ZeroOne,Laevis14,B2ZeroDayPT1L14,B2ZeroDayPT1L14_8700s,A,26,3,29,1,16,37.54,8667433,8742562,75.129,1.25215,12.7780218,0.037558223,53.22522,56.97448969,0.00111,0.2314,0.2095,0.043725676,0.002732855,46.22726515,41.005386,87.23265115,93.37745872,0.097268186
2,ZeroOne,Laevis14,B2ZeroDayPT1L14,B2ZeroDayPT1L14_9280s,A,26,3,29,1,27,37.54,9237944,9300614,62.67,1.0445,25.84968885,0.067453499,45.70501,48.92454406,0.00111,0.2314,0.2095,0.067434529,0.002497575,52.01428126,35.33808752,87.35236878,93.50560944,0.057719512
2,ZeroOne,Laevis17,B2ZeroDayPT1L17,B2ZeroDayPT1L17_8700s,A,8,4,14,12,7,26.395,8678877,8721083,42.206,0.703433333,9.951191774,0.004766207,180.7459,193.4779305,0.00111,0.2314,0.2095,0.018843231,0.00269189,48.23452966,36.37729083,84.61182049,90.57201254,0.215647649
2,ZeroOne,Laevis17,B2ZeroDayPT1L17,B2ZeroDayPT1L17_9800s,A,8,4,14,12,5,26.395,9748320,9801682,53.362,0.889366667,5.621978187,0.01177031,183.5181,196.4454087,0.00111,0.2314,0.2095,0.047247717,0.009449543,41.50534617,35.72019617,77.22554234,82.66543314,0.275551444
2,ZeroOne,Laevis17,B2ZeroDayPT1L17,B2ZeroDayPT1L17_9850s,A,8,4,14,12,4,26.395,9828267,9881715,53.448,0.8908,4.490345757,0.004100729,183.8544,196.8053982,0.00111,0.2314,0.2095,0.016491083,0.004122771,36.73162913,35.0970158,71.82864493,76.88836964,0.320368207
2,ZeroOne,Laevis18,B2ZeroDayPT1L18,B2ZeroDayPT1L18_6685s,A,26,5,20,6,3,31.7,6669254,6691256,22.002,0.3667,8.181074448,0.022921872,198.9765,212.9927231,0.00111,0.2314,0.2095,0.099762175,0.033254058,34.38514608,36.65124583,71.03639191,76.04030906,0.422446161
2,ZeroOne,Laevis18,B2ZeroDayPT1L18,B2ZeroDayPT1L18_8500s,A,26,5,20,6,15,31.7,8487658,8603607,115.949,1.932483333,7.762033308,0.017408987,199.5607,213.6180751,0.00111,0.2314,0.2095,0.075991069,0.005066071,152.6775103,162.2960628,314.9735731,337.1608157,0.374623129
2,ZeroOne,Laevis18,B2ZeroDayPT1L18,B2ZeroDayPT1L18_9850s,A,26,5,20,6,10,31.7,9797811,9872272,74.461,1.241016667,8.05790951,0.055314221,199.2066,213.2390317,0.00111,0.2314,0.2095,0.24102082,0.024102082,107.5334287,112.026413,219.5598417,235.0259883,0.391709981
2,ZeroOne,Laevis20,B2ZeroDayPT1L20,B2ZeroDayPT1L20_5600s,A,26,3,17,8,14,15.64,5547841,5653343,105.502,1.758366667,7.961934371,0.023254221,280.2722,300.0150224,0.00111,0.2314,0.2095,0.142559399,0.010182814,39.08924097,36.8460379,75.93527887,81.28428145,0.096767002
2,ZeroOne,Laevis20,B2ZeroDayPT1L20,B2ZeroDayPT1L20_7650s,A,26,3,17,8,9,15.64,7633862,7671221,37.359,0.62265,14.45434835,0.013644271,280.2291,299.9688863,0.00111,0.2314,0.2095,0.083632987,0.009292554,28.76221146,18.86654315,47.62875461,50.98380031,0.094414445
2,ZeroOne,Laevis20,B2ZeroDayPT1L20,B2ZeroDayPT1L20_8100s,A,26,3,17,8,28,15.64,8020486,8154102,133.616,2.226933333,12.57334451,0.038518081,280.3398,300.0873842,0.00111,0.2314,0.2095,0.236191052,0.008435395,106.6412499,89.07748556,195.7187355,209.5054765,0.124705641
2,ZeroOne,Laevis21,B2ZeroDayPT1L21,B2ZeroDayPT1L21_5750s,A,8,4,17,2,3,26.21,5718421,5771801,53.38,0.889666667,3.372049457,0.008954691,191.2348,204.7056854,0.00111,0.2314,0.2095,0.037456877,0.012485626,13.38293943,8.117509425,21.50044886,23.01497488,0.127860972
2,ZeroOne,Laevis21,B2ZeroDayPT1L21,B2ZeroDayPT1L21_6700s,A,8,4,17,2,5,26.21,6648432,6701725,53.293,0.888216667,5.629257126,0.009364428,191.199,204.6673636,0.00111,0.2314,0.2095,0.039163446,0.007832689,4.174027723,25.59890772,29.77293544,31.87018867,0.106233962
2,ZeroOne,Laevis21,B2ZeroDayPT1L21,B2ZeroDayPT1L21_8340s,A,8,4,17,2,3,26.21,8317985,8382186,64.201,1.070016667,2.803694647,0.003271712,191.5077,204.9978089,0.00111,0.2314,0.2095,0.013704883,0.004568294,7.137307893,12.71216495,19.84947284,21.24770148,0.118042786
2,ZeroOne,Laevis22,B2ZeroDayPT1L22,B2ZeroDayPT1L22_5700s,A,17,2,23,10,20,17.99,5593113,5807331,214.218,3.5703,5.601770159,0.059794045,169.9816,181.955376,0.00111,0.2314,0.2095,0.222317617,0.011115881,93.12478677,124.2064413,217.3312281,232.6403876,0.19386699
2,ZeroOne,Laevis22,B2ZeroDayPT1L22,B2ZeroDayPT1L22_6000s,A,17,2,23,10,25,17.99,5895101,6055350,160.249,2.670816667,9.360432826,0.11437517,168.6759,180.5577004,0.00111,0.2314,0.2095,0.42198676,0.01687947,227.9730075,191.4482825,419.42129,448.965997,0.299310665
2,ZeroOne,Laevis22,B2ZeroDayPT1L22,B2ZeroDayPT1L22_7070s,A,17,2,23,10,9,17.99,7038787,7081433,42.646,0.710766667,12.66238334,0.008799236,161.4357,172.8074891,0.00111,0.2314,0.2095,0.03107124,0.00345236,39.54638085,29.87183085,69.4182117,74.30814165,0.13760767
2,ZeroOne,Laevis23,B2ZeroDayPT1L23,B2ZeroDayPT1L23_8370s,A,17,6,11,3,7,33.055,8345327,8381108,35.781,0.59635,11.73807328,0.002575975,186.4517,199.5856562,0.00111,0.2314,0.2095,0.01050563,0.001500804,25.16139071,27.44105397,52.60244468,56.30784507,0.134066298
2,ZeroOne,Laevis23,B2ZeroDayPT1L23,B2ZeroDayPT1L23_8600s,A,17,6,11,3,50,33.055,8558431,8674342,115.911,1.93185,25.88192665,0.072498125,189.7454,203.1113697,0.00111,0.2314,0.2095,0.300892987,0.00601786,208.495772,246.4738045,454.9695765,487.0183617,0.162339454
2,ZeroOne,Laevis23,B2ZeroDayPT1L23,B2ZeroDayPT1L23_8760s,A,17,6,11,3,29,33.055,8727844,8792150,64.306,1.071766667,27.05812832,0.003997227,186.9167,200.0834115,0.00111,0.2314,0.2095,0.016342591,0.000563538,108.8615658,124.6578192,233.519385,249.9688642,0.143660267
2,ZeroTwo,Laevis01,B2ZeroDayPT2L01,B2ZeroDayPT2L01_19700s,A,17,6,11,6,9,40.07,19646542,19753611,107.069,1.784483333,5.043476637,0.019291065,172.4873,184.6375815,0.00111,0.2314,0.2095,0.072782566,0.008086952,53.24610678,29.72668446,82.97279124,88.81752746,0.164476903
2,ZeroTwo,Laevis01,B2ZeroDayPT2L01,B2ZeroDayPT2L01_22200s,A,17,6,11,6,12,40.07,22089325,22409985,320.66,5.344333333,2.245368927,0.05282342,175.7096,188.0868655,0.00111,0.2314,0.2095,0.203018698,0.016918225,87.43581738,66.81664866,154.252466,165.1182566,0.229330912
2,ZeroTwo,Laevis01,B2ZeroDayPT2L01,B2ZeroDayPT2L01_22900s,A,17,6,11,6,8,40.07,22898064,22961720,63.656,1.060933333,7.540530351,0.049930854,177.2596,189.7460499,0.00111,0.2314,0.2095,0.193594402,0.0241993,59.16335462,52.10146164,111.2648163,119.102488,0.248130183
2,ZeroTwo,Laevis02,B2ZeroDayPT2L02,B2ZeroDayPT2L02_21220s,A,17,2,23,8,6,54.43,21214787,21230525,15.738,0.2623,22.8745711,0.009748171,237.2773,253.9914928,0.00111,0.2314,0.2095,0.050593339,0.008432223,70.20546786,47.59691074,117.8023786,126.1005667,0.350279352
2,ZeroTwo,Laevis02,B2ZeroDayPT2L02,B2ZeroDayPT2L02_22000s,A,17,2,23,8,10,54.43,21968421,22016585,48.164,0.802733333,12.45743709,0.088063653,235.7843,252.3933235,0.00111,0.2314,0.2095,0.454177497,0.04541775,110.3633146,84.71322293,195.0765375,208.818041,0.348030068
2,ZeroTwo,Laevis02,B2ZeroDayPT2L02,B2ZeroDayPT2L02_22800s,A,17,2,23,8,23,54.43,22756798,22856555,99.757,1.662616667,13.83361569,0.066775911,230.6642,246.9125554,0.00111,0.2314,0.2095,0.336910116,0.014648266,144.528982,136.4278128,280.9567948,300.7478411,0.217933218
2,ZeroTwo,Laevis05,B2ZeroDayPT2L05,B2ZeroDayPT2L05_20450s,A,26,5,17,4,20,29.635,20398353,20451709,53.356,0.889266667,22.49044156,0.032318295,180.6086,193.3309589,0.00111,0.2314,0.2095,0.127673539,0.006383677,59.65082984,64.03453455,123.6853644,132.3979594,0.110331633
2,ZeroTwo,Laevis05,B2ZeroDayPT2L05,B2ZeroDayPT2L05_21430s,A,26,5,17,4,25,29.635,21403452,21449153,45.701,0.761683333,32.82203891,0.026867675,181.9708,194.7891144,0.00111,0.2314,0.2095,0.10694139,0.004277656,81.38413738,77.82030251,159.2044399,170.4190554,0.113612704
2,ZeroTwo,Laevis05,B2ZeroDayPT2L05,B2ZeroDayPT2L05_24550s,A,26,5,17,4,7,29.635,24523975,24557097,33.122,0.552033333,12.6803937,0.019456518,180.8444,193.583369,0.00111,0.2314,0.2095,0.076963397,0.010994771,27.26290137,28.16776137,55.43066274,59.33528734,0.141274494
2,ZeroTwo,Laevis10,B2ZeroDayPT2L10,B2ZeroDayPT2L10_60500s,A,8,1,14,11,10,50.925,6028113,6084002,55.889,0.931483333,10.73556514,0.149317618,148.1856,158.6240308,0.00111,0.2314,0.2095,0.483984095,0.048398409,174.8605749,143.0141698,317.8747447,340.2663505,0.567110584
2,ZeroTwo,Laevis10,B2ZeroDayPT2L10,B2ZeroDayPT2L10_92450s,A,8,1,14,11,6,50.925,9208681,9250367,41.686,0.694766667,8.635992899,0.100443044,159.2818,170.5018649,0.00111,0.2314,0.2095,0.349945213,0.058324202,138.3984383,90.98839826,229.3868366,245.5452124,0.682070035
2,ZeroTwo,Laevis10,B2ZeroDayPT2L10,B2ZeroDayPT2L10_93000s,A,8,1,14,11,3,50.925,9298239,9351785,53.546,0.892433333,3.361595637,0.033070027,159.8735,171.1352452,0.00111,0.2314,0.2095,0.115644522,0.038548174,55.11905564,53.8178675,108.9369231,116.6106144,0.647836746
2,ZeroTwo,Laevis11,B2ZeroDayPT2L11,B2ZeroDayPT2L11_19540s,A,8,1,29,5,7,33.05,19525419,19561196,35.777,0.596283333,11.73938564,0.041379862,162.3419,173.7775233,0.00111,0.2314,0.2095,0.146937854,0.020991122,20.66987114,59.89616023,80.56603137,86.24123157,0.205336266
2,ZeroTwo,Laevis11,B2ZeroDayPT2L11,B2ZeroDayPT2L11_23200s,A,8,1,29,5,2,33.05,23190995,23224095,33.1,0.551666667,3.625377644,0.017650202,152.6631,163.4169331,0.00111,0.2314,0.2095,0.058938325,0.029469163,21.53093112,42.41496112,63.94589224,68.45034324,0.570419527
2,ZeroTwo,Laevis11,B2ZeroDayPT2L11,B2ZeroDayPT2L11_24050s,A,8,1,29,5,3,33.05,24008616,24051299,42.683,0.711383333,4.217135628,0.031034529,154.3986,165.2746845,0.00111,0.2314,0.2095,0.104809958,0.034936653,43.65938331,42.28448331,85.94386662,91.99789015,0.51109939
2,ZeroTwo,Laevis14,B2ZeroDayPT2L14,B2ZeroDayPT2L14_20500s,A,26,3,23,1,11,37.54,20468251,20521734,53.483,0.891383333,12.34036984,0.046985202,134.0812,143.5260943,0.00111,0.2314,0.2095,0.137798034,0.012527094,75.67163531,58.12166075,133.7932961,143.21791,0.216996833
2,ZeroTwo,Laevis14,B2ZeroDayPT2L14,B2ZeroDayPT2L14_23400s,A,26,3,23,1,5,37.54,23368978,23401064,32.086,0.534766667,9.349872218,0.014406993,141.6921,151.6731183,0.00111,0.2314,0.2095,0.044651189,0.008930238,29.41556504,57.3244698,86.74003484,92.85014172,0.309500472
2,ZeroTwo,Laevis14,B2ZeroDayPT2L14,B2ZeroDayPT2L14_23630s,A,26,3,23,1,2,37.54,23597885,23661968,64.083,1.06805,1.872571509,0.022677588,140.5782,150.4807534,0.00111,0.2314,0.2095,0.069731479,0.034865739,40.07195195,47.47181305,87.543765,93.71048792,0.780920733
2,ZeroTwo,Laevis17,B2ZeroDayPT2L17,B2ZeroDayPT2L17_21640s,A,8,4,20,7,15,26.395,21635690,21774568,138.878,2.314633333,6.480508072,0.120653341,185.9537,199.0525763,0.00111,0.2314,0.2095,0.490747629,0.032716509,216.5800394,210.7201438,427.3001832,457.3998919,0.508222102
2,ZeroTwo,Laevis17,B2ZeroDayPT2L17,B2ZeroDayPT2L17_23300s,A,8,4,20,7,14,26.395,23224511,23405839,181.328,3.022133333,4.632489191,0.171290435,190.3282,203.735223,0.00111,0.2314,0.2095,0.713099756,0.050935697,273.0350008,277.2412985,550.2762993,589.0386425,0.701236479
2,ZeroTwo,Laevis17,B2ZeroDayPT2L17,B2ZeroDayPT2L17_24210s,A,8,4,20,7,2,26.395,24208536,24251286,42.75,0.7125,2.807017544,0.005108796,200.9858,215.1435614,0.00111,0.2314,0.2095,0.022459391,0.011229696,21.85727054,23.53878454,45.39605508,48.59382585,0.404948549
2,ZeroTwo,Laevis18,B2ZeroDayPT2L18,B2ZeroDayPT2L18_21060s,A,26,5,11,2,11,31.7,21048619,21091448,42.829,0.713816667,15.41011931,0.026559707,190.4404,203.8553266,0.00111,0.2314,0.2095,0.110635983,0.010057817,54.15781758,68.79551777,122.9533354,131.6143651,0.199415705
2,ZeroTwo,Laevis18,B2ZeroDayPT2L18,B2ZeroDayPT2L18_22600s,A,26,5,11,2,44,31.7,22517174,22602657,85.483,1.424716667,30.88333353,0.054034891,191.2107,204.6798877,0.00111,0.2314,0.2095,0.22599587,0.00513627,187.1606293,195.9977593,383.1583886,410.1486787,0.155359348
2,ZeroTwo,Laevis18,B2ZeroDayPT2L18,B2ZeroDayPT2L18_23460s,A,26,5,11,2,22,31.7,23438925,23471521,32.596,0.543266667,40.49576635,0.036733414,191.069,204.5282062,0.00111,0.2314,0.2095,0.153520212,0.006978191,38.4140752,48.0041252,86.4182004,92.50563674,0.070080028
2,ZeroTwo,Laevis21,B2ZeroDayPT2L21,B2ZeroDayPT2L21_20220s,A,8,4,26,12,11,26.21,20198237,20251685,53.448,0.8908,12.34845083,0.035789864,195.7306,209.5181767,0.00111,0.2314,0.2095,0.153226121,0.013929647,49.82585625,54.35633625,104.1821925,111.5209529,0.168971141
2,ZeroTwo,Laevis21,B2ZeroDayPT2L21,B2ZeroDayPT2L21_20300s,A,8,4,26,12,3,26.21,20278830,20341981,63.151,1.052516667,2.850311159,0.033830845,195.8588,209.6554073,0.00111,0.2314,0.2095,0.144933899,0.0483113,53.61843276,36.28367276,89.90210552,96.23495373,0.534638632
2,ZeroTwo,Laevis21,B2ZeroDayPT2L21,B2ZeroDayPT2L21_21360s,A,8,4,26,12,2,26.21,21348574,21391277,42.703,0.711716667,2.810107018,0.014012111,195.5168,209.2893163,0.00111,0.2314,0.2095,0.059924123,0.029962062,20.91009796,35.46059796,56.37069592,60.34153797,0.50284615
2,ZeroTwo,Laevis22,B2ZeroDayPT2L22,B2ZeroDayPT2L22_21310s,A,17,2,26,3,14,17.99,21297969,21362062,64.093,1.068216667,13.10595541,0.022341638,189.1798,202.5059279,0.00111,0.2314,0.2095,0.092449336,0.006603524,23.11530137,19.02831138,42.14361275,45.11227628,0.053705091
2,ZeroTwo,Laevis22,B2ZeroDayPT2L22,B2ZeroDayPT2L22_24700s,A,17,2,26,3,9,17.99,24697472,24782574,85.102,1.418366667,6.345326784,0.02685009,189.5459,202.8978166,0.00111,0.2314,0.2095,0.111320249,0.012368917,35.25467227,34.31921227,69.57388454,74.47478031,0.13791626
2,ZeroTwo,Laevis22,B2ZeroDayPT2L22,B2ZeroDayPT2L22_24750s,A,17,2,26,3,7,17.99,24698237,24751672,53.435,0.890583333,7.860016843,0.023753384,189.5375,202.8888249,0.00111,0.2314,0.2095,0.09847697,0.014068139,28.02085358,37.41943491,65.44028849,70.05000715,0.166785731
3,ZeroOne,Laevis02,B3ZeroDayPT1L02,B3ZeroDayPT1L02_5500s,B,26,7,17,8,3,44.56,5474086,5500868,26.782,0.446366667,6.720931969,0.020717372,183.349,196.264397,0.00111,0.2314,0.2095,0.083085883,0.027695294,58.05915889,83.70642889,141.7655878,151.7517827,0.843065459
3,ZeroOne,Laevis02,B3ZeroDayPT1L02,B3ZeroDayPT1L02_5530s,B,26,7,17,8,3,44.56,5499046,5530988,31.942,0.532366667,5.635213825,0.034329261,182.1874,195.0209721,0.00111,0.2314,0.2095,0.13680338,0.045601127,97.29970415,89.07857683,186.378281,199.5070654,1.108372586
3,ZeroOne,Laevis02,B3ZeroDayPT1L02,B3ZeroDayPT1L02_8310s,B,26,7,17,8,2,44.56,8293764,8331154,37.39,0.623166667,3.209414282,0.025505934,183.5344,196.4628569,0.00111,0.2314,0.2095,0.102393584,0.051196792,13.35953166,64.40528166,77.76481332,83.24269123,0.693689094
3,ZeroOne,Laevis03,B3ZeroDayPT1L03,B3ZeroDayPT1L03_5100s,B,8,11,20,5,4,31.81,5047651,5122360,74.709,1.24515,3.212464362,0.090962616,178.9361,191.5406453,0.00111,0.2314,0.2095,0.35602045,0.089005112,44.82725576,33.06049576,77.88775152,83.37428939,0.347392872
3,ZeroOne,Laevis03,B3ZeroDayPT1L03,B3ZeroDayPT1L03_6900s,B,8,11,20,5,9,31.81,6846801,6943206,96.405,1.60675,5.601369224,0.069598181,178.8348,191.4322095,0.00111,0.2314,0.2095,0.272247536,0.030249726,24.25240718,30.57217799,54.82458517,58.6865167,0.108678735
3,ZeroOne,Laevis03,B3ZeroDayPT1L03,B3ZeroDayPT1L03_7900s,B,8,11,20,5,10,31.81,7837927,7902058,64.131,1.06885,9.355849745,0.070657718,179.4935,192.1373094,0.00111,0.2314,0.2095,0.277410164,0.027741016,36.99123646,36.85797447,73.84921093,79.05126754,0.131752113
3,ZeroOne,Laevis04,B3ZeroDayPT1L04,B3ZeroDayPT1L04_9800s,B,26,7,29,2,7,50.59,9763133,9821993,58.86,0.981,7.135575943,0.144880195,256.8127,274.9029976,0.00111,0.2314,0.2095,0.813840979,0.116262997,118.8806214,70.76653373,189.6471551,203.0062043,0.483348105
3,ZeroOne,Laevis11,B3ZeroDayPT1L11,B3ZeroDayPT1L11_5650s,B,17,8,8,11,8,29.075,5627542,5702537,74.995,1.249916667,6.400426695,0.039024625,184.48,197.4750665,0.00111,0.2314,0.2095,0.157471537,0.019683942,85.68930646,70.24766646,155.9369729,166.9214229,0.347752964
3,ZeroOne,Laevis19,B3ZeroDayPT1L19,B3ZeroDayPT1L19_5650s,B,8,11,17,12,24,15.95,5543240,5756567,213.327,3.55545,6.750200397,0.062107102,199.0765,213.0997673,0.00111,0.2314,0.2095,0.270442722,0.011268447,247.8475845,207.9133997,455.7609842,487.8655175,0.338795498
3,ZeroOne,Laevis19,B3ZeroDayPT1L19,B3ZeroDayPT1L19_7100s,B,8,11,17,12,10,15.95,7027098,7154230,127.132,2.118866667,4.719504137,0.021540762,199.032,213.0521326,0.00111,0.2314,0.2095,0.093777361,0.009377736,88.69609117,74.43941257,163.1355037,174.6270297,0.29104505
3,ZeroOne,Laevis21,B3ZeroDayPT1L21,B3ZeroDayPT1L21_4960s,B,26,12,23,9,6,22.35,4928044,4990938,62.894,1.048233333,5.723916431,0.059891197,200.5064,214.6303917,0.00111,0.2314,0.2095,0.262666852,0.043777809,44.69407721,72.58755875,117.281636,125.5431421,0.34873095
3,ZeroOne,Laevis21,B3ZeroDayPT1L21,B3ZeroDayPT1L21_7730s,B,26,12,23,9,5,22.35,7708820,7746244,37.424,0.623733333,8.016246259,0.010994649,199.176,213.2062762,0.00111,0.2314,0.2095,0.047899657,0.009579931,15.3129995,36.69806753,52.01106703,55.67480984,0.185582699
3,ZeroOne,Laevis21,B3ZeroDayPT1L21,B3ZeroDayPT1L21_9640s,B,26,12,23,9,3,22.35,9618231,9671538,53.307,0.88845,3.376667229,0.031407404,198.1421,212.0995467,0.00111,0.2314,0.2095,0.136120283,0.045373428,16.78037657,10.62070514,27.40108171,29.33125776,0.162951432
3,ZeroOne,Laevis22,B3ZeroDayPT1L22,B3ZeroDayPT1L22_5060s,B,8,9,11,7,3,18.775,5028236,5081805,53.569,0.892816667,3.360152327,0.015252986,171.8241,183.9276646,0.00111,0.2314,0.2095,0.057326177,0.019108726,35.5495026,26.48904608,62.03854868,66.40864334,0.368936907
3,ZeroOne,Laevis22,B3ZeroDayPT1L22,B3ZeroDayPT1L22_5090s,B,8,9,11,7,3,18.775,5078947,5111036,32.089,0.534816667,5.609398859,0.013664667,171.8348,183.9391183,0.00111,0.2314,0.2095,0.051359904,0.017119968,27.92942875,24.24565411,52.17508286,55.8503792,0.310279884
3,ZeroOne,Laevis22,B3ZeroDayPT1L22,B3ZeroDayPT1L22_5300s,B,8,9,11,7,17,18.775,5236093,5358811,122.718,2.0453,8.311739109,0.048593298,171.6248,183.7143256,0.00111,0.2314,0.2095,0.182419162,0.010730539,139.7704762,152.2858035,292.0562797,312.6291915,0.306499207
3,ZeroOne,Laevis23,B3ZeroDayPT1L23,B3ZeroDayPT1L23_7000s,B,17,8,20,4,3,31.31,6998402,7016559,18.157,0.302616667,9.913531971,0.008708951,191.6875,205.1902743,0.00111,0.2314,0.2095,0.0365152,0.012171733,32.684831,19.84014597,52.52497697,56.22492041,0.312360669
3,ZeroOne,Laevis23,B3ZeroDayPT1L23,B3ZeroDayPT1L23_7110s,B,17,8,20,4,12,31.31,7099227,7125803,26.576,0.442933333,27.09211318,0.004906962,192.6437,206.2138306,0.00111,0.2314,0.2095,0.020676717,0.00172306,62.64469135,50.49491135,113.1396027,121.1093374,0.168207413
3,ZeroOne,Laevis23,B3ZeroDayPT1L23,B3ZeroDayPT1L23_9330s,B,17,8,20,4,6,31.31,9319062,9349961,30.899,0.514983333,11.65086249,0.024122034,193.3752,206.9968586,0.00111,0.2314,0.2095,0.102030201,0.017005034,34.5516707,45.96009942,80.51177012,86.18314807,0.239397634
3,ZeroTwo,Laevis02,B3ZeroDayPT2L02,B3ZeroDayPT2L02_19250s,B,26,7,8,9,3,44.56,19228579,19271371,42.792,0.7132,4.206393718,0.022423418,198.7394,212.7389214,0.00111,0.2314,0.2095,0.097476476,0.032492159,40.6903082,42.84637439,83.53668259,89.42114022,0.496784112
3,ZeroTwo,Laevis02,B3ZeroDayPT2L02,B3ZeroDayPT2L02_19370s,B,26,7,8,9,3,44.56,19348729,19390937,42.208,0.703466667,4.26459439,0.002506491,198.0594,212.0110211,0.00111,0.2314,0.2095,0.010858644,0.003619548,77.58667877,48.04888441,125.6355632,134.4855333,0.747141852
3,ZeroTwo,Laevis02,B3ZeroDayPT2L02,B3ZeroDayPT2L02_23900s,B,26,7,8,9,6,44.56,23898982,23931043,32.061,0.53435,11.22859549,0.048956548,194.8666,208.5933152,0.00111,0.2314,0.2095,0.208671063,0.034778511,57.15958526,51.16666618,108.3262514,115.956926,0.322102572
3,ZeroTwo,Laevis03,B3ZeroDayPT2L03,B3ZeroDayPT2L03_20300s,B,8,11,29,2,3,31.81,20269793,20342353,72.56,1.209333333,2.480705623,0.009165187,227.4821,243.5063032,0.00111,0.2314,0.2095,0.045603964,0.015201321,33.60379324,10.37096429,43.97475753,47.07240983,0.261513388
3,ZeroTwo,Laevis03,B3ZeroDayPT2L03,B3ZeroDayPT2L03_20800s,B,8,11,29,2,5,31.81,20778376,20831709,53.333,0.888883333,5.625035156,0.045093165,226.2941,242.2346186,0.00111,0.2314,0.2095,0.223201952,0.04464039,64.52539617,41.60428967,106.1296858,113.6056308,0.378685436
3,ZeroTwo,Laevis04,B3ZeroDayPT2L04,B3ZeroDayPT2L04_6700s,B,26,7,26,6,51,50.59,6668305,6721482,53.177,0.886283333,57.5436749,0.03019269,182.093,194.9199224,0.00111,0.2314,0.2095,0.120256646,0.002357973,510.5611316,487.9685784,998.52971,1068.867741,0.349303183
3,ZeroTwo,Laevis04,B3ZeroDayPT2L04,B3ZeroDayPT2L04_8400s,B,26,7,26,6,31,50.59,8294498,8455028,160.53,2.6755,11.58661932,0.201004901,180.0743,192.7590219,0.00111,0.2314,0.2095,0.791721459,0.025539402,487.8287869,476.8284123,964.6571992,1032.609196,0.555166235
3,ZeroTwo,Laevis04,B3ZeroDayPT2L04,B3ZeroDayPT2L04_9760s,B,26,7,26,6,18,50.59,9696978,9788294,91.316,1.521933333,11.82706207,0.180822861,179.4631,192.104768,0.00111,0.2314,0.2095,0.709810689,0.039433927,328.0474449,287.6553819,615.7028268,659.0739194,0.610253629
3,ZeroTwo,Laevis11,B3ZeroDayPT2L11,B3ZeroDayPT2L11_5370s,B,17,8,17,3,5,29.075,5358631,5401332,42.701,0.711683333,7.02559659,0.032075686,194.7013,208.4163712,0.00111,0.2314,0.2095,0.136602562,0.027320512,32.76166396,29.75749956,62.51916352,66.92311346,0.223077045
3,ZeroTwo,Laevis11,B3ZeroDayPT2L11,B3ZeroDayPT2L11_5500s,B,17,8,17,3,3,29.075,5497911,5561920,64.009,1.066816667,2.812104548,0.031171993,194.7996,208.5215956,0.00111,0.2314,0.2095,0.132820976,0.044273659,19.46361102,27.78047102,47.24408204,50.57203079,0.280955727
3,ZeroTwo,Laevis11,B3ZeroDayPT2L11,B3ZeroDayPT2L11_7150s,B,17,8,17,3,3,29.075,7138948,7171043,32.095,0.534916667,5.60835021,0.017188334,195.9282,209.729696,0.00111,0.2314,0.2095,0.073662212,0.024554071,12.1268742,21.5697742,33.6966484,36.07029424,0.200390524
3,ZeroTwo,Laevis19,B3ZeroDayPT2L19,B3ZeroDayPT2L19_20105s,B,8,11,26,12,8,15.95,20103491,20151540,48.049,0.800816667,9.989802077,0.043148452,198.2858,212.2533691,0.00111,0.2314,0.2095,0.18714183,0.023392729,47.32086283,47.59568708,94.91654991,101.6026236,0.211672132
3,ZeroTwo,Laevis19,B3ZeroDayPT2L19,B3ZeroDayPT2L19_20860s,B,8,11,26,12,3,15.95,20838708,20881363,42.655,0.710916667,4.21990388,0.023515044,197.3628,211.2653515,0.00111,0.2314,0.2095,0.10151381,0.033837937,26.28570202,20.55483843,46.84054045,50.14006309,0.278555906
3,ZeroTwo,Laevis19,B3ZeroDayPT2L19,B3ZeroDayPT2L19_22020s,B,8,11,26,12,2,15.95,21998755,22038313,39.558,0.6593,3.0335204,0.010266575,196.6679,210.5215016,0.00111,0.2314,0.2095,0.044164478,0.022082239,25.51949865,16.77104865,42.2905473,45.26956115,0.377246343
3,ZeroTwo,Laevis21,B3ZeroDayPT2L21,B3ZeroDayPT2L21_20550s,B,26,12,14,4,3,22.35,20498206,20551843,53.637,0.89395,3.355892388,0.025932513,182.6628,195.52986,0.00111,0.2314,0.2095,0.103611689,0.03453723,41.82868551,26.99929657,68.82798208,73.6763353,0.409312974
3,ZeroTwo,Laevis21,B3ZeroDayPT2L21,B3ZeroDayPT2L21_21215s,B,26,12,14,4,11,22.35,21203979,21234068,30.089,0.501483333,21.93492639,0.028222047,184.1458,197.1173249,0.00111,0.2314,0.2095,0.113674843,0.010334077,31.44237568,47.18575266,78.62812834,84.16681954,0.127525484
3,ZeroTwo,Laevis21,B3ZeroDayPT2L21,B3ZeroDayPT2L21_23100s,B,26,12,14,4,4,22.35,23091499,23113033,21.534,0.3589,11.14516578,0.011547136,182.5555,195.4150016,0.00111,0.2314,0.2095,0.046108738,0.011527185,19.93750228,25.6240062,45.56150848,48.77093406,0.203212225
3,ZeroTwo,Laevis23,B3ZeroDayPT2L23,B3ZeroDayPT2L23_6750s,B,17,8,14,7,44,31.31,6674877,6836377,161.5,2.691666667,16.34674923,0.237915704,182.6023,195.4650983,0.00111,0.2314,0.2095,0.950262054,0.021596865,542.1958297,506.3971573,1048.592987,1122.457555,0.425173316
3,ZeroTwo,Laevis23,B3ZeroDayPT2L23,B3ZeroDayPT2L23_8150s,B,17,8,14,7,87,31.31,7989212,8310492,321.28,5.354666667,16.24750996,0.186336066,181.1787,193.9412176,0.00111,0.2314,0.2095,0.738444902,0.008487872,1055.02566,996.6241267,2051.649787,2196.171281,0.420722468
4,ZeroOne,Laevis01,B4ZeroDayPT1L01,B4ZeroDayPT1L01_4360s,B,17,2,26,7,4,32.11,4338549,4381332,42.783,0.71305,5.609704789,0.117003852,182.3051,195.146963,0.00111,0.2314,0.2095,0.466565919,0.11664148,83.1363006,81.3887706,164.5250712,176.1144805,0.733810336
4,ZeroOne,Laevis01,B4ZeroDayPT1L01,B4ZeroDayPT1L01_8340s,B,17,2,26,7,3,32.11,8307193,8392744,85.551,1.42585,2.104008135,0.031700995,182.0126,194.8338589,0.00111,0.2314,0.2095,0.126208435,0.042069478,33.28773459,39.18641238,72.47414697,77.57934188,0.430996344
4,ZeroOne,Laevis01,B4ZeroDayPT1L01,B4ZeroDayPT1L01_8760s,B,17,2,26,7,5,32.11,8728157,8802494,74.337,1.23895,4.03567537,0.075787189,181.3691,194.1450297,0.00111,0.2314,0.2095,0.300658253,0.060131651,40.53145404,77.22946404,117.7609181,126.0561856,0.420187285
4,ZeroOne,Laevis06,B4ZeroDayPT1L06,B4ZeroDayPT1L06_6550s,B,8,4,17,2,5,34.465,6532928,6569189,36.261,0.60435,8.273351535,0.041655938,203.4323,217.7623968,0.00111,0.2314,0.2095,0.185357797,0.037071559,34.23875497,49.41303206,83.65178703,89.5443528,0.298481176
4,ZeroOne,Laevis06,B4ZeroDayPT1L06,B4ZeroDayPT1L06_7900s,B,8,4,17,2,17,34.465,7857430,7938579,81.149,1.352483333,12.56947097,0.054426235,203.5521,217.8906357,0.00111,0.2314,0.2095,0.242324828,0.014254402,147.8272707,119.9640038,267.7912745,286.6549205,0.281034236
4,ZeroOne,Laevis06,B4ZeroDayPT1L06,B4ZeroDayPT1L06_8800s,B,8,4,17,2,11,34.465,8775565,8903912,128.347,2.139116667,5.14230952,0.019766372,203.3799,217.7063057,0.00111,0.2314,0.2095,0.087932423,0.007993857,168.3930473,125.1660754,293.5591227,314.2378972,0.476118026
4,ZeroOne,Laevis08,B4ZeroDayPT1L08,B4ZeroDayPT1L08_2300s,B,26,3,17,8,13,34.4,2244829,2405156,160.327,2.672116667,4.86505704,0.098464862,181.4274,194.2074364,0.00111,0.2314,0.2095,0.39074928,0.030057637,141.3043162,110.5387779,251.8430941,269.5833246,0.345619647
4,ZeroOne,Laevis08,B4ZeroDayPT1L08,B4ZeroDayPT1L08_2700s,B,26,3,17,8,5,34.4,2679038,2711063,32.025,0.53375,9.367681499,0.066049114,182.0868,194.9132856,0.00111,0.2314,0.2095,0.263062834,0.052612567,36.73841597,60.66095093,97.3993669,104.2603342,0.347534447
4,ZeroOne,Laevis08,B4ZeroDayPT1L08,B4ZeroDayPT1L08_3260s,B,26,3,17,8,8,34.4,3240728,3281349,40.621,0.677016667,11.81654809,0.019167357,183.8237,196.7725356,0.00111,0.2314,0.2095,0.077068654,0.009633582,8.991868344,24.41972834,33.41159668,35.76516303,0.074510756
4,ZeroOne,Laevis10,B4ZeroDayPT1L10,B4ZeroDayPT1L10_4750s,B,26,5,20,6,49,44.59,4711005,4854725,143.72,2.395333333,20.45644308,0.072165466,195.8754,209.6731767,0.00111,0.2314,0.2095,0.309188514,0.00630997,927.2584006,862.6300925,1789.888493,1915.971103,0.651690851
4,ZeroOne,Laevis10,B4ZeroDayPT1L10,B4ZeroDayPT1L10_5480s,B,26,5,20,6,14,44.59,5463284,5497111,33.827,0.563783333,24.83223461,0.012082909,195.6729,209.4564123,0.00111,0.2314,0.2095,0.051714962,0.003693926,253.3377239,241.8860202,495.2237441,530.1080973,0.631081068
4,ZeroOne,Laevis10,B4ZeroDayPT1L10,B4ZeroDayPT1L10_7200s,B,26,5,20,6,27,44.59,7096497,7203378,106.881,1.78135,15.15704382,0.073746415,197.0605,210.941757,0.00111,0.2314,0.2095,0.31787365,0.011773098,387.3124,369.5326458,756.8450458,810.1584222,0.500097791
4,ZeroOne,Laevis13,B4ZeroDayPT1L13,B4ZeroDayPT1L13_4800s,B,26,5,23,11,31,24.08,4775789,4904125,128.336,2.138933333,14.49320534,0.079623661,194.3301,208.0190233,0.00111,0.2314,0.2095,0.33845135,0.010917785,429.7291556,401.2695322,830.9986878,889.5355654,0.478244928
4,ZeroOne,Laevis13,B4ZeroDayPT1L13,B4ZeroDayPT1L13_5500s,B,26,5,23,11,8,24.08,5438208,5502036,63.828,1.0638,7.520210566,0.043589646,197.4296,211.336857,0.00111,0.2314,0.2095,0.188239015,0.023529877,105.6647765,85.95721608,191.6219926,205.1201525,0.427333651
4,ZeroOne,Laevis13,B4ZeroDayPT1L13,B4ZeroDayPT1L13_5800s,B,26,5,23,11,11,24.08,5798321,5851746,53.425,0.890416667,12.35376696,0.013673129,198.4496,212.4287074,0.00111,0.2314,0.2095,0.059351566,0.005395597,116.1686398,82.84108372,199.0097235,213.028287,0.322770132
4,ZeroOne,Laevis14,B4ZeroDayPT1L14,B4ZeroDayPT1L14_5800s,B,8,4,14,12,37,36.625,5736076,5853125,117.049,1.950816667,18.96641577,0.089493628,212.4649,227.4312676,0.00111,0.2314,0.2095,0.415904237,0.011240655,162.2390349,143.6588143,305.8978492,327.4457833,0.147498101
4,ZeroOne,Laevis16,B4ZeroDayPT1L16,B4ZeroDayPT1L16_6050s,B,26,3,29,1,4,17.11,5998018,6062043,64.025,1.067083333,3.748535728,0.015285702,182.0794,194.9053644,0.00111,0.2314,0.2095,0.060877982,0.015219496,62.45963041,102.6074014,165.0670318,176.6946177,0.736227574
4,ZeroOne,Laevis24,B4ZeroDayPT1L24,B4ZeroDayPT1L24_4320s,B,8,1,11,9,5,26.88,4298349,4351544,53.195,0.886583333,5.639627785,0.040944262,202.1019,216.3382813,0.00111,0.2314,0.2095,0.180999545,0.036199909,26.2386822,21.85289114,48.09157334,51.47922074,0.171597402
4,ZeroOne,Laevis24,B4ZeroDayPT1L24,B4ZeroDayPT1L24_5500s,B,8,1,11,9,6,26.88,5437809,5502022,64.213,1.070216667,5.606341395,0.028931037,213.8333,228.8960599,0.00111,0.2314,0.2095,0.135317317,0.022552886,61.2284765,56.86487722,118.0933537,126.4120386,0.351144552
4,ZeroOne,Laevis24,B4ZeroDayPT1L24,B4ZeroDayPT1L24_7700s,B,8,1,11,9,6,26.88,7646557,7753342,106.785,1.77975,3.371260008,0.021579683,234.346,250.8537073,0.00111,0.2314,0.2095,0.110615666,0.018435944,63.01151121,59.26888339,122.2803946,130.8940213,0.363594504
4,ZeroTwo,Laevis01,B4ZeroDayPT2L01,B4ZeroDayPT2L01_12650s,B,17,2,23,8,4,32.11,12638876,12668719,29.843,0.497383333,8.042086922,0.018809346,154.595,165.4849192,0.00111,0.2314,0.2095,0.063603816,0.015900954,33.03428881,16.33225881,49.36654762,52.84400625,0.220183359
4,ZeroTwo,Laevis01,B4ZeroDayPT2L01,B4ZeroDayPT2L01_14960s,B,17,2,23,8,5,32.11,14940092,14981395,41.303,0.688383333,7.263394911,0.057101481,156.1563,167.1561997,0.00111,0.2314,0.2095,0.195038755,0.039007751,81.82236269,58.12441269,139.9467754,149.8048502,0.499349501
4,ZeroTwo,Laevis01,B4ZeroDayPT2L01,B4ZeroDayPT2L01_16920s,B,17,2,23,8,47,32.11,16898318,16972147,73.829,1.230483333,38.1963727,0.038185516,156.4155,167.4336582,0.00111,0.2314,0.2095,0.130644909,0.002779679,116.5938995,90.41176875,207.0056683,221.5874788,0.07857712
4,ZeroTwo,Laevis06,B4ZeroDayPT2L06,B4ZeroDayPT2L06_17000s,B,8,4,23,12,39,34.465,16751578,17008418,256.84,4.280666667,9.110730416,0.27011751,200.0161,214.1055542,0.00111,0.2314,0.2095,1.181766641,0.030301709,526.3006223,515.3557417,1041.656364,1115.032306,0.476509532
4,ZeroTwo,Laevis06,B4ZeroDayPT2L06,B4ZeroDayPT2L06_18190s,B,8,4,23,12,3,34.465,18168531,18211407,42.876,0.7146,4.198152813,0.006288846,198.1639,212.1228823,0.00111,0.2314,0.2095,0.027258977,0.009086326,46.47787244,26.01708244,72.49495488,77.60161553,0.431120086
4,ZeroTwo,Laevis06,B4ZeroDayPT2L06,B4ZeroDayPT2L06_20150s,B,8,4,23,12,3,34.465,20096518,20203488,106.97,1.782833333,1.68271478,0.009245429,200.4066,214.5235617,0.00111,0.2314,0.2095,0.04052781,0.01350927,28.16308313,26.07633725,54.23942038,58.06013196,0.322556289
4,ZeroTwo,Laevis10,B4ZeroDayPT2L10,B4ZeroDayPT2L10_17700s,B,26,5,11,2,6,44.59,17665484,17804557,139.073,2.317883333,2.588568593,0.012923822,200.9113,215.0638135,0.00111,0.2314,0.2095,0.056794902,0.009465817,68.28941599,67.22589473,135.5153107,145.0612261,0.40294785
4,ZeroTwo,Laevis10,B4ZeroDayPT2L10,B4ZeroDayPT2L10_18600s,B,26,5,11,2,13,44.59,18493328,18706569,213.241,3.554016667,3.657833156,0.032627741,200.7809,214.924228,0.00111,0.2314,0.2095,0.143292492,0.011022499,80.61611862,79.03610068,159.6522193,170.8983772,0.219100484
4,ZeroTwo,Laevis10,B4ZeroDayPT2L10,B4ZeroDayPT2L10_18840s,B,26,5,11,2,14,44.59,18796570,18903603,107.033,1.783883333,7.848046864,0.022197753,200.9016,215.0534303,0.00111,0.2314,0.2095,0.097545322,0.006967523,69.90067096,101.6936319,171.5943029,183.6816801,0.218668667
4,ZeroTwo,Laevis12,B4ZeroDayPT2L12,B4ZeroDayPT2L12_17555s,B,17,6,8,9,26,22.295,17538989,17572104,33.115,0.551916667,47.10856108,0.013834971,227.855,243.9054709,0.00111,0.2314,0.2095,0.068952631,0.002652024,44.11915536,56.50011536,100.6192707,107.7070532,0.069042983
4,ZeroTwo,Laevis13,B4ZeroDayPT2L13,B4ZeroDayPT2L13_19005s,B,26,5,14,4,6,24.08,18989008,19017626,28.618,0.476966667,12.57949542,0.008920977,178.4263,190.9949341,0.00111,0.2314,0.2095,0.034816515,0.005802753,25.78967372,19.12876461,44.91843833,48.08256502,0.133562681
4,ZeroTwo,Laevis13,B4ZeroDayPT2L13,B4ZeroDayPT2L13_19040s,B,26,5,14,4,6,24.08,19020664,19061356,40.692,0.6782,8.846947803,0.016593945,178.5416,191.1183561,0.00111,0.2314,0.2095,0.064804192,0.010800699,37.6258565,32.7350565,70.360913,75.31724832,0.209214579
4,ZeroTwo,Laevis14,B4ZeroDayPT2L14,B4ZeroDayPT2L14_16800s,B,8,4,20,7,34,36.625,16728101,16909773,181.672,3.027866667,11.22902814,0.375518324,155.9918,166.9801121,0.00111,0.2314,0.2095,1.281288529,0.037684957,703.3416795,688.5935643,1391.935244,1489.98539,0.730384995
4,ZeroTwo,Laevis14,B4ZeroDayPT2L14,B4ZeroDayPT2L14_18100s,B,8,4,20,7,15,36.625,18044766,18194723,149.957,2.499283333,6.001720493,0.150671672,156.2759,167.2842245,0.00111,0.2314,0.2095,0.515036077,0.034335738,409.0551669,319.2918045,728.3469714,779.6528979,0.866280998
4,ZeroTwo,Laevis14,B4ZeroDayPT2L14,B4ZeroDayPT2L14_19930s,B,8,4,20,7,4,36.625,19917872,19953198,35.326,0.588766667,6.793862877,0.034506248,157.4811,168.5743207,0.00111,0.2314,0.2095,0.118861229,0.029715307,80.95242528,44.19462069,125.147046,133.9626042,0.558177517
4,ZeroTwo,Laevis16,B4ZeroDayPT2L16,B4ZeroDayPT2L16_19550s,B,26,3,26,1,4,17.11,19517914,19582038,64.124,1.068733333,3.742748425,0.050345565,184.2374,197.2153773,0.00111,0.2314,0.2095,0.202886454,0.050721613,17.88115697,15.95085279,33.83200976,36.21519067,0.150896628
4,ZeroTwo,Laevis18,B4ZeroDayPT2L18,B4ZeroDayPT2L18_17200s,B,17,6,11,6,12,26.585,17157882,17221823,63.941,1.065683333,11.26038066,0.043690728,180.6821,193.4096363,0.00111,0.2314,0.2095,0.17267062,0.014389218,105.8007074,86.2333663,192.0340737,205.5612612,0.285501752
4,ZeroTwo,Laevis18,B4ZeroDayPT2L18,B4ZeroDayPT2L18_19180s,B,17,6,11,6,3,26.585,19169131,19195822,26.691,0.44485,6.74384624,0.044349454,183.0095,195.9009821,0.00111,0.2314,0.2095,0.177531716,0.059177239,32.23486643,21.34715643,53.58202286,57.35642632,0.318646813
4,ZeroTwo,Laevis18,B4ZeroDayPT2L18,B4ZeroDayPT2L18_20000s,B,17,6,11,6,11,26.585,19986908,20019762,32.854,0.547566667,20.08887807,0.00492548,186.5521,199.6931285,0.00111,0.2314,0.2095,0.02009846,0.001827133,69.43050318,64.66902318,134.0995264,143.5457116,0.217493502
4,ZeroTwo,Laevis20,B4ZeroDayPT2L20,B4ZeroDayPT2L20_17600s,B,17,2,26,3,2,14.93,17578029,17642059,64.03,1.067166667,1.874121506,0.019009497,190.2688,203.6716388,0.00111,0.2314,0.2095,0.079113801,0.0395569,6.643954556,7.365624304,14.00957886,14.99643602,0.1249703
4,ZeroTwo,Laevis20,B4ZeroDayPT2L20,B4ZeroDayPT2L20_18250s,B,17,2,26,3,2,14.93,18196520,18303204,106.684,1.778066667,1.124817217,0.01279216,190.8216,204.2633789,0.00111,0.2314,0.2095,0.053393138,0.026696569,9.705685929,5.90792899,15.61361492,16.71346294,0.139278858
4,ZeroTwo,Laevis20,B4ZeroDayPT2L20,B4ZeroDayPT2L20_19040s,B,17,2,26,3,3,14.93,19018754,19061154,42.4,0.706666667,4.245283019,0.021633831,191.4136,204.8970803,0.00111,0.2314,0.2095,0.090577485,0.030192495,7.051615948,8.578238765,15.62985471,16.7308467,0.092949148
4,ZeroTwo,Laevis24,B4ZeroDayPT2L24,B4ZeroDayPT2L24_17350s,B,8,1,8,11,6,26.88,17296416,17403643,107.227,1.787116667,3.357363351,0.045190892,176.8619,189.3203353,0.00111,0.2314,0.2095,0.174823267,0.029137211,64.16071796,83.71901748,147.8797354,158.2966207,0.439712835
4,ZeroTwo,Laevis24,B4ZeroDayPT2L24,B4ZeroDayPT2L24_17760s,B,8,1,8,11,8,26.88,17696324,17803510,107.186,1.786433333,4.478196779,0.018115716,176.9876,189.4548898,0.00111,0.2314,0.2095,0.070131377,0.008766422,62.19377049,37.88585549,100.079626,107.129395,0.22318624
4,ZeroTwo,Laevis24,B4ZeroDayPT2L24,B4ZeroDayPT2L24_20500s,B,8,1,8,11,9,26.88,20415539,20544261,128.722,2.145366667,4.195087087,0.078902855,179.1494,191.7689705,0.00111,0.2314,0.2095,0.309187631,0.034354181,79.78748314,72.56985996,152.3573431,163.0896382,0.302017849
